,DOWNSTREAM
0,-0.012979250000000008
1,0.009208249999999994
2,-0.004541750000000004
3,0.005458249999999991
4,-0.002354250000000009
5,0.003583249999999996
6,-0.0007917500000000077
7,0.0026457499999999953
8,0.0001457499999999931
9,0.0017082499999999945
10,0.0007707499999999937
11,0.0007707499999999937
12,0.0020207499999999948
13,-0.00047925000000000745
14,0.003583249999999996
15,-0.0036042500000000102
16,0.010145749999999995
17,-0.03172925000000001
18,-0.09110425
19,-0.07204175
20,-0.08360425
21,-0.07516675
22,-0.08172925
23,-0.07641675
24,-0.08079175000000001
25,-0.07735425
26,-0.08016675000000001
27,-0.07797925000000001
28,-0.07922925
29,-0.07891675000000001
30,-0.07829175000000001
31,-0.08047925000000002
32,-0.07547925
33,-0.08672925000000001
34,-0.04766675000000001
35,0.014833249999999992
36,-0.007666750000000007
37,0.007958249999999993
38,-0.005166750000000005
39,0.007020749999999992
40,-0.005479250000000005
41,0.008895749999999994
42,-0.010791750000000006
43,0.03639574999999999
44,0.09108325
45,0.07608324999999999
46,0.08420825
47,0.07889574999999999
48,0.08295825
49,0.07952074999999999
50,0.08264574999999999
51,0.07952074999999999
52,0.08264574999999999
53,0.07952074999999999
54,0.08264574999999999
55,0.07920825
56,0.08327074999999999
57,0.07827074999999999
58,0.08483325
59,0.07545824999999999
60,0.09108325
61,0.04764574999999999
62,-0.010479250000000006
63,0.007020749999999992
64,-0.00329175000000001
65,0.0038957499999999895
66,-0.001104250000000008
67,0.0029582499999999956
68,-0.00047925000000000745
69,0.002333249999999995
70,-0.00016675000000000717
71,0.0020207499999999948
72,0.0001457499999999931
73,0.0017082499999999945
74,0.0004582499999999934
75,0.0017082499999999945
76,0.0004582499999999934
77,0.0013957499999999942
78,0.001083249999999994
79,0.001083249999999994
80,0.001083249999999994
81,0.0007707499999999937
82,0.0017082499999999945
83,0.0004582499999999934
84,0.0017082499999999945
85,0.0001457499999999931
86,0.002333249999999995
87,-0.0007917500000000077
88,0.003583249999999996
89,-0.002354250000000002
90,0.0060832499999999914
91,-0.008604250000000008
92,0.034208249999999996
93,0.09264574999999999
94,0.07483324999999999
95,0.08514574999999999
96,0.07858325
97,0.08202075
98,0.08420825
99,0.056395749999999994
100,-0.02329175
101,0.04389574999999999
102,0.08452074999999998
103,0.08233325
104,0.07670825
105,0.09045824999999999
106,0.048270749999999994
107,-0.010791750000000003
108,0.007958249999999993
109,-0.0039167500000000036
110,0.005458249999999998
111,-0.0026667500000000094
112,0.004520749999999997
113,-0.002354250000000009
114,0.004833249999999997
115,-0.002354250000000009
116,0.0051457499999999975
117,-0.0029792500000000097
118,0.005770749999999991
119,-0.004854250000000011
120,0.008895749999999994
121,-0.011416750000000007
122,0.03733324999999999
123,0.08952075000000001
124,0.07827075
125,0.08139574999999999
126,0.08264574999999999
127,0.07702075
128,0.09014575
129,0.048270749999999994
130,-0.010791750000000006
131,0.007645749999999993
132,-0.003291750000000003
133,0.0038957499999999895
134,-0.0007917500000000077
135,0.0026457499999999884
136,0.0001457499999999931
137,0.0017082499999999945
138,0.001083249999999994
139,0.0004582499999999934
140,0.0020207499999999948
141,-0.00047925000000000745
142,0.003270749999999996
143,-0.002041750000000009
144,0.0051457499999999975
145,-0.005166750000000012
146,0.012333249999999997
147,-0.03391675
148,-0.08797925000000001
149,-0.07579175000000002
150,-0.07891675000000001
151,-0.08141675000000001
152,-0.07266675
153,-0.09204175
154,-0.03766675000000001
155,-0.019229250000000003
156,-0.09735425000000002
157,-0.06860425
158,-0.08422925
159,-0.07954175
160,-0.053916750000000006
161,0.020458249999999997
162,-0.012666750000000004
163,0.012958249999999998
164,-0.009541750000000009
165,0.011395749999999996
166,-0.009541750000000009
167,0.013270749999999998
168,-0.01485425000000001
169,0.040145749999999994
170,0.08733325
171,0.07983325
172,0.08045824999999998
173,0.08264574999999999
174,0.07920825
175,0.08327074999999999
176,0.07858325
177,0.08389574999999999
178,0.07827074999999999
179,0.08389574999999999
180,0.07827075
181,0.08420824999999998
182,0.07795824999999998
183,0.08420824999999998
184,0.07764574999999999
185,0.08452075
186,0.07733324999999999
187,0.08514574999999999
188,0.07670825
189,0.08545825
190,0.07608324999999999
191,0.08702074999999998
192,0.07327075
193,0.09327074999999999
194,0.04545824999999999
195,-0.007979250000000007
196,0.005145749999999991
197,-0.0007917500000000077
198,0.0020207499999999948
199,0.0007707499999999937
200,0.001083249999999994
201,0.0013957499999999942
202,0.0004582499999999934
203,0.0020207499999999948
204,-0.00016675000000000717
205,0.002333249999999995
206,-0.00016675000000000717
207,0.0026457499999999953
208,-0.00047925000000000745
209,0.0029582499999999956
210,-0.00047925000000000745
211,0.0026457499999999953
212,-0.0007917500000000077
213,0.0029582499999999956
214,-0.001104250000000008
215,0.003270749999999996
216,-0.0014167500000000083
217,0.0038957499999999964
218,-0.0017292500000000086
219,0.00420824999999999
220,-0.002354250000000009
221,0.005145749999999991
222,-0.0036042500000000102
223,0.007020749999999992
224,-0.006729250000000006
225,0.013270749999999991
226,-0.03485425000000001
227,-0.08766675000000002
228,-0.07547925
229,-0.07985425000000002
230,-0.07922925
231,-0.07735425000000001
232,-0.08204175
233,-0.07360425000000001
234,-0.08891675000000002
235,-0.045166750000000006
236,0.01202074999999999
237,-0.004541750000000004
238,0.00452074999999999
239,-0.001104250000000008
240,0.002333249999999995
241,0.0004582499999999934
242,0.001083249999999994
243,0.0013957499999999942
244,-0.00016675000000000717
245,0.0029582499999999956
246,-0.002041750000000009
247,0.006395749999999992
248,-0.008916750000000008
249,0.03514574999999999
250,0.09108325
251,0.07702075
252,0.08139574999999999
253,0.08639574999999998
254,0.05170825
255,-0.013916750000000006
256,0.010770749999999996
257,-0.006416750000000006
258,0.0073332499999999926
259,-0.004229250000000004
260,0.0060832499999999914
261,-0.0036042500000000102
262,0.005458249999999991
263,-0.0029792500000000097
264,0.005145749999999991
265,-0.0029792500000000097
266,0.005145749999999991
267,-0.0029792500000000097
268,0.005458249999999991
269,-0.0036042500000000102
270,0.006708249999999992
271,-0.0061042500000000055
272,0.01264574999999999
273,-0.03391675000000001
274,-0.08891675000000002
275,-0.07391675
276,-0.08235425000000002
277,-0.07610425000000001
278,-0.08141675000000001
279,-0.07610425000000001
280,-0.08235425000000002
281,-0.07391675
282,-0.08829175
283,-0.04641675000000001
284,0.013583249999999991
285,-0.0061042500000000055
286,0.006395749999999992
287,-0.00329175000000001
288,0.00483324999999999
289,-0.0026667500000000094
290,0.004520749999999997
291,-0.002354250000000009
292,0.004208249999999997
293,-0.002041750000000009
294,0.004208249999999997
295,-0.002041750000000009
296,0.004208249999999997
297,-0.002041750000000009
298,0.004208249999999997
299,-0.002041750000000009
300,0.004520749999999997
301,-0.002354250000000009
302,0.004520749999999997
303,-0.002354250000000009
304,0.004520749999999997
305,-0.002354250000000009
306,0.004833249999999997
307,-0.0029792500000000097
308,0.0051457499999999975
309,-0.0029792500000000097
310,0.005770749999999998
311,-0.0039167500000000105
312,0.006395749999999992
313,-0.004854250000000011
314,0.007645749999999993
315,-0.006729250000000006
316,0.010770749999999996
317,-0.013291750000000008
318,0.03920824999999999
319,0.08733325
320,0.08077075
321,0.07889574999999999
322,0.08577074999999998
323,0.07389574999999998
324,0.09358324999999999
325,0.04452075
326,-0.00672925000000002
327,0.0026457499999999884
328,0.0026457499999999884
329,-0.00329175000000001
330,0.008895749999999994
331,-0.013291750000000005
332,0.04389575000000001
333,0.05920824999999999
334,-0.016416750000000004
335,0.011083249999999996
336,-0.005791750000000012
337,0.0060832499999999914
338,-0.002354250000000009
339,0.0038957499999999964
340,-0.0007917500000000077
341,0.0020207499999999948
342,0.001083249999999994
343,0.0004582499999999934
344,0.0029582499999999956
345,-0.002041750000000002
346,0.006708249999999992
347,-0.009854250000000002
348,0.03639575
349,0.08858325
350,0.08295824999999998
351,0.05358324999999999
352,-0.014854250000000006
353,0.011395749999999996
354,-0.006729250000000006
355,0.0073332499999999926
356,-0.004541750000000004
357,0.006083249999999998
358,-0.003291750000000003
359,0.004833249999999997
360,-0.002354250000000002
361,0.004208249999999997
362,-0.002041750000000002
363,0.0038957499999999964
364,-0.0017292500000000086
365,0.003583249999999996
366,-0.0014167500000000083
367,0.003270749999999996
368,-0.0007917500000000077
369,0.0029582499999999956
370,-0.0007917500000000077
371,0.0026457499999999953
372,-0.00047925000000000745
373,0.0026457499999999953
374,-0.00047925000000000745
375,0.002333249999999995
376,0.0001457499999999931
377,0.0020207499999999948
378,0.0001457499999999931
379,0.0020207499999999948
380,0.0001457499999999931
381,0.0017082499999999945
382,0.0004582499999999934
383,0.0017082499999999945
384,0.0007707499999999937
385,0.001083249999999994
386,0.001083249999999994
387,0.0007707499999999937
388,0.0013957499999999942
389,0.0004582499999999934
390,0.0017082499999999945
391,0.0001457499999999931
392,0.002333249999999995
393,-0.0007917500000000077
394,0.003270749999999989
395,-0.002041750000000009
396,0.005458249999999991
397,-0.005479250000000005
398,0.01295824999999999
399,-0.035166750000000004
400,-0.08579175
401,-0.08172925
402,-0.05079175000000001
403,0.016708249999999994
404,-0.008916750000000008
405,0.008583249999999994
406,-0.005166750000000005
407,0.006395749999999992
408,-0.0036042500000000102
409,0.005458249999999991
410,-0.0029792500000000097
411,0.004833249999999997
412,-0.002354250000000009
413,0.004520749999999997
414,-0.002041750000000009
415,0.004208249999999997
416,-0.0017292500000000086
417,0.0038957499999999964
418,-0.0017292500000000086
419,0.003583249999999996
420,-0.0014167500000000083
421,0.003583249999999996
422,-0.0014167500000000083
423,0.003583249999999996
424,-0.001104250000000008
425,0.003270749999999996
426,-0.001104250000000008
427,0.003270749999999996
428,-0.001104250000000008
429,0.003270749999999996
430,-0.0007917500000000077
431,0.0029582499999999956
432,-0.0007917500000000077
433,0.0029582499999999956
434,-0.0007917500000000077
435,0.0026457499999999953
436,-0.00016675000000000717
437,0.002333249999999995
438,-0.00016675000000000717
439,0.0020207499999999948
440,0.0001457499999999931
441,0.0017082499999999945
442,0.001083249999999994
443,0.0004582499999999934
444,0.003270749999999996
445,-0.005166750000000005
446,0.030145749999999992
447,0.09795825
448,0.06764575
449,0.09702074999999999
450,0.04264574999999999
451,-0.0061042500000000055
452,0.0035832499999999892
453,0.0001457499999999931
454,0.001083249999999994
455,0.0013957499999999942
456,0.0004582499999999934
457,0.0020207499999999948
458,0.0001457499999999931
459,0.0020207499999999948
460,-0.00016675000000000717
461,0.002333249999999995
462,-0.00016675000000000717
463,0.002333249999999995
464,-0.00016675000000000717
465,0.002333249999999995
466,-0.00016675000000000717
467,0.002333249999999995
468,-0.00016675000000000717
469,0.002333249999999995
470,-0.00016675000000000717
471,0.002333249999999995
472,-0.00016675000000000717
473,0.002333249999999995
474,-0.00016675000000000717
475,0.002333249999999995
476,-0.00016675000000000717
477,0.0026457499999999953
478,-0.00016675000000000717
479,0.0026457499999999953
480,-0.00047925000000000745
481,0.0026457499999999953
482,-0.00047925000000000745
483,0.0026457499999999953
484,-0.00047925000000000745
485,0.0026457499999999953
486,-0.00047925000000000745
487,0.0026457499999999953
488,-0.00047925000000000745
489,0.0026457499999999953
490,-0.00047925000000000745
491,0.0026457499999999953
492,-0.00047925000000000745
493,0.0026457499999999953
494,-0.0007917500000000077
495,0.0029582499999999956
496,-0.0007917500000000077
497,0.0029582499999999956
498,-0.001104250000000008
499,0.003270749999999996
500,-0.0014167500000000083
501,0.004208249999999997
502,-0.0026667500000000025
503,0.006395749999999999
504,-0.008291750000000007
505,0.033270749999999995
506,0.09452074999999999
507,0.07108324999999999
508,0.09358324999999998
509,0.04639574999999999
510,-0.009854250000000009
511,0.0073332499999999926
512,-0.0036042500000000033
513,0.005458249999999998
514,-0.0029792500000000027
515,0.005770749999999998
516,-0.004229250000000004
517,0.007958249999999993
518,-0.009854250000000009
519,0.03545825
520,0.09202074999999998
521,0.07514575
522,0.08545824999999999
523,0.07702075
524,0.08545824999999999
525,0.07514575
526,0.09108324999999999
527,0.047958249999999994
528,-0.010791750000000003
529,0.007958249999999993
530,-0.0039167500000000036
531,0.0051457499999999975
532,-0.0026667500000000094
533,0.004208249999999997
534,-0.002041750000000009
535,0.0038957499999999964
536,-0.0017292500000000086
537,0.0038957499999999964
538,-0.0017292500000000086
539,0.003583249999999996
540,-0.0014167500000000083
541,0.003583249999999996
542,-0.0014167500000000083
543,0.003583249999999996
544,-0.0017292500000000086
545,0.0038957499999999964
546,-0.0017292500000000086
547,0.0038957499999999964
548,-0.0017292500000000086
549,0.0038957499999999964
550,-0.0017292500000000086
551,0.004208249999999997
552,-0.002041750000000009
553,0.004520749999999997
554,-0.002354250000000009
555,0.004833249999999997
556,-0.0026667500000000094
557,0.0051457499999999975
558,-0.003291750000000003
559,0.005770749999999998
560,-0.004229250000000004
561,0.0073332499999999926
562,-0.007041750000000006
563,0.013583249999999995
564,-0.03485425
565,-0.08797925000000001
566,-0.07454175000000002
567,-0.08172925
568,-0.07579175
569,-0.08516675
570,-0.05110425000000002
571,0.020458249999999983
572,-0.017979250000000016
573,0.04233324999999999
574,0.08545824999999999
575,0.08202074999999998
576,0.07764574999999999
577,0.08608324999999999
578,0.07327075
579,0.09358325
580,0.04420825
581,-0.006416750000000006
582,0.0026457499999999953
583,0.002333249999999995
584,-0.0026667500000000094
585,0.00764575
586,-0.01079175000000001
587,0.03795824999999999
588,0.08702075000000001
589,0.08483325
590,0.05139574999999999
591,-0.012979250000000012
592,0.009208250000000001
593,-0.004541750000000011
594,0.005145749999999991
595,-0.002041750000000009
596,0.003270750000000003
597,-0.00016675000000000717
598,0.0020207500000000017
599,0.0007707499999999867
600,0.0007707499999999867
601,0.0017082499999999945
602,-0.0001667499999999933
603,0.0029582499999999956
604,-0.0014167500000000222
605,0.004208249999999997
606,-0.003291749999999996
607,0.007333250000000013
608,-0.007979250000000021
609,0.016708249999999994
610,-0.04235425000000001
611,-0.05641675
612,0.017958249999999995
613,-0.008291750000000007
614,0.007020749999999992
615,-0.0026667500000000025
616,0.0026457499999999953
617,0.002333249999999995
618,-0.005166750000000005
619,0.03170824999999999
620,0.09483325000000001
621,0.07358324999999999
622,0.08483325
623,0.08264575
624,0.055770749999999994
625,-0.018916750000000006
626,0.017333249999999994
627,-0.01704175
628,0.041395749999999995
629,0.08608325
630,0.08045825
631,0.08045824999999998
632,0.08264574999999999
633,0.07920825000000001
634,0.08327075
635,0.07889574999999999
636,0.08327075
637,0.07889574999999999
638,0.08327075
639,0.07889575
640,0.08358325
641,0.07889574999999999
642,0.08327075
643,0.07889574999999999
644,0.08327074999999999
645,0.07858325
646,0.08389575
647,0.07827075
648,0.08420824999999998
649,0.07733324999999999
650,0.08545824999999999
651,0.07483325
652,0.09170824999999999
653,0.04733324999999999
654,-0.010166750000000002
655,0.007020749999999992
656,-0.003291750000000003
657,0.004520749999999997
658,-0.002041750000000009
659,0.004208249999999997
660,-0.0017292500000000086
661,0.0038957499999999964
662,-0.002354250000000009
663,0.0051457499999999975
664,-0.0036042500000000102
665,0.007645749999999993
666,-0.010166750000000009
667,0.03577074999999999
668,0.09108324999999999
669,0.07639574999999998
670,0.08295824999999998
671,0.08077075
672,0.07889574999999999
673,0.08795824999999999
674,0.050458249999999996
675,-0.013291750000000005
676,0.010145749999999995
677,-0.0061042500000000055
678,0.007645749999999993
679,-0.005479250000000005
680,0.009208250000000001
681,-0.010791750000000003
682,0.03545824999999998
683,0.09202075
684,0.07452075
685,0.08670824999999999
686,0.07452075
687,0.09170824999999999
688,0.047333249999999986
689,-0.010166750000000006
690,0.007645749999999993
691,-0.003291750000000003
692,0.00420824999999999
693,-0.0017292500000000086
694,0.003270749999999996
695,-0.00047925000000000745
696,0.002333249999999995
697,0.0007707499999999937
698,0.0004582499999999934
699,0.003270749999999996
700,-0.005166750000000005
701,0.030770749999999993
702,0.09670825
703,0.07014575
704,0.09108325
705,0.07045825
706,0.09545825
707,0.04358325
708,-0.006729250000000006
709,0.0038957499999999964
710,-0.00016675000000000717
711,0.0013957499999999942
712,0.001083249999999994
713,0.0007707499999999937
714,0.0017082499999999945
715,0.0004582499999999934
716,0.0020207499999999948
717,0.0001457499999999931
718,0.0020207499999999948
719,0.0001457499999999931
720,0.0020207499999999948
721,0.0001457499999999931
722,0.0020207499999999948
723,0.0001457499999999931
724,0.0020207499999999948
725,0.0001457499999999931
726,0.0020207499999999948
727,0.0001457499999999931
728,0.0020207499999999948
729,0.0004582499999999934
730,0.0017082499999999945
731,0.0004582499999999934
732,0.0017082499999999945
733,0.0007707499999999937
734,0.001083249999999994
735,0.0013957499999999942
736,0.0004582499999999934
737,0.0026457499999999953
738,-0.002041750000000002
739,0.008583249999999994
740,-0.02985425
741,-0.09297925
742,-0.07016675
743,-0.08610425
744,-0.07266675
745,-0.08516674999999999
746,-0.07266675
747,-0.08610425
748,-0.07016675
749,-0.09141675000000002
750,-0.04297925000000001
751,0.010145749999999995
752,-0.0029792500000000027
753,0.003270749999999996
754,-0.00047925000000000745
755,0.002333249999999995
756,-0.00047925000000000745
757,0.0029582499999999956
758,-0.0026667500000000094
759,0.008895749999999994
760,-0.029854250000000006
761,-0.09329175
762,-0.06954175000000001
763,-0.08672925000000001
764,-0.07141675000000001
765,-0.08610425
766,-0.07141675
767,-0.08704175
768,-0.06891675
769,-0.09360425000000001
770,-0.04079175
771,0.007645749999999993
772,0.00014575000000000005
773,-0.0001667499999999933
774,0.004208249999999983
775,-0.0039167500000000105
776,0.008270749999999993
777,-0.011416750000000003
778,0.037958249999999985
779,0.08733325
780,0.08452074999999999
781,0.05233325
782,-0.014229250000000006
783,0.010770749999999996
784,-0.006729250000000006
785,0.008270749999999993
786,-0.007041750000000006
787,0.012958249999999994
788,-0.03360425
789,-0.08922925
790,-0.07360425000000001
791,-0.08297925
792,-0.07579174999999999
793,-0.08204175000000001
794,-0.07610425
795,-0.08141675000000001
796,-0.07610425000000001
797,-0.08172925
798,-0.07610425000000001
799,-0.08204175000000001
800,-0.07579175
801,-0.08235425000000002
802,-0.07516675
803,-0.08329175
804,-0.07422925
805,-0.08422925
806,-0.07266675
807,-0.08641675000000001
808,-0.06891675
809,-0.09454175000000001
810,-0.037979250000000006
811,0.0004582499999999795
812,0.030458249999999992
813,0.09483325
814,0.07389575
815,0.08545824999999999
816,0.07827075
817,0.08295825
818,0.08045825
819,0.08108325
820,0.08170824999999998
821,0.07920825
822,0.08358325
823,0.07702075
824,0.08670824999999999
825,0.07233324999999999
826,0.09608325000000001
827,0.03795824999999999
828,0.023583249999999986
829,0.09764574999999999
830,0.07264575
831,0.08483325
832,0.08327074999999999
833,0.05452074999999999
834,-0.016729250000000008
835,0.013270749999999991
836,-0.008916750000000008
837,0.010145749999999995
838,-0.007666750000000007
839,0.009833249999999995
840,-0.00829175
841,0.012333249999999997
842,-0.014229250000000006
843,0.040458249999999994
844,0.08545824999999999
845,0.08577074999999999
846,0.05233324999999999
847,-0.01610425
848,0.016708250000000008
849,-0.03579175000000001
850,-0.08829175
851,-0.07360425
852,-0.08266675000000001
853,-0.07516675
854,-0.08297925
855,-0.07454175
856,-0.08454175
857,-0.07047925000000001
858,-0.09516675000000001
859,-0.017979250000000006
860,0.11420824999999998
861,0.034520749999999996
862,-0.0007917500000000077
863,-0.00016675000000000717
864,0.003270749999999996
865,-0.002041750000000009
866,0.004520749999999997
867,-0.00329175000000001
868,0.006395749999999999
869,-0.0061042500000000055
870,0.012645749999999997
871,-0.03422925000000001
872,-0.08829175
873,-0.07516675
874,-0.07985425000000002
875,-0.07985425000000002
876,-0.07547925
877,-0.08704175
878,-0.04704175
879,0.013895749999999995
880,-0.006416750000000006
881,0.006395749999999992
882,-0.0029792500000000027
883,0.004520749999999997
884,-0.0014167500000000013
885,0.003270749999999996
886,-0.0007917500000000008
887,0.0026457499999999953
888,-0.00016675000000000023
889,0.0020207499999999948
890,0.0007707499999999937
891,0.001083249999999994
892,0.0013957499999999873
893,-0.00016675000000000717
894,0.003270749999999989
895,-0.0029792500000000027
896,0.009520749999999988
897,-0.031104250000000007
898,-0.09141675000000002
899,-0.07172925
900,-0.08391675000000001
901,-0.07547925
902,-0.08141675000000001
903,-0.07797925
904,-0.07797925
905,-0.08454175
906,-0.04954175000000001
907,0.016708249999999994
908,-0.009229250000000008
909,0.009520749999999994
910,-0.0061042500000000124
911,0.007645749999999993
912,-0.005166750000000012
913,0.0073332499999999926
914,-0.004854250000000011
915,0.007020749999999992
916,-0.004854250000000011
917,0.0073332499999999926
918,-0.005166750000000005
919,0.007958249999999993
920,-0.006416750000000006
921,0.008895749999999994
922,-0.00829175
923,0.012645749999999997
924,-0.015166750000000003
925,0.04202074999999999
926,0.08327074999999998
927,0.08889575
928,0.04764575
929,-0.009229250000000008
930,0.005145749999999991
931,-0.00016675000000000717
932,-0.00016675000000000717
933,0.005145749999999991
934,-0.007979250000000007
935,0.034208249999999996
936,0.09233324999999999
937,0.07545824999999999
938,0.08389574999999999
939,0.08014574999999999
940,0.07952074999999999
941,0.08764575
942,0.05077074999999999
943,-0.013291750000000019
944,0.010145749999999995
945,-0.0061042500000000055
946,0.007333249999999986
947,-0.004541750000000011
948,0.006708249999999999
949,-0.004541750000000011
950,0.007020749999999992
951,-0.005479249999999991
952,0.009520749999999994
953,-0.01172925000000001
954,0.03764574999999999
955,0.08920824999999999
956,0.07827075
957,0.08139574999999999
958,0.08264574999999999
959,0.07733324999999999
960,0.08952075
961,0.048895749999999995
962,-0.011416750000000007
963,0.008270749999999993
964,-0.004229250000000011
965,0.005145749999999991
966,-0.002354250000000009
967,0.0038957499999999964
968,-0.0017292500000000086
969,0.003583249999999996
970,-0.001104250000000008
971,0.003270749999999996
972,-0.0007917500000000077
973,0.0029582499999999956
974,-0.0007917500000000077
975,0.0029582499999999956
976,-0.0007917500000000077
977,0.0026457499999999953
978,-0.00047925000000000745
979,0.0026457499999999953
980,-0.00047925000000000745
981,0.0026457499999999953
982,-0.00047925000000000745
983,0.0026457499999999953
984,-0.00047925000000000745
985,0.0026457499999999953
986,-0.00047925000000000745
987,0.002333249999999995
988,-0.00016675000000000717
989,0.002333249999999995
990,-0.00047925000000000745
991,0.0026457499999999953
992,-0.00047925000000000745
993,0.0026457499999999953
994,-0.00047925000000000745
995,0.0026457499999999953
996,-0.00047925000000000745
997,0.0026457499999999953
998,-0.00047925000000000745
999,0.0026457499999999953
1000,-0.00047925000000000745
1001,0.0026457499999999953
1002,-0.00047925000000000745
1003,0.0029582499999999956
1004,-0.0007917500000000077
1005,0.0029582499999999956
1006,-0.0007917500000000077
1007,0.0029582499999999956
1008,-0.0007917500000000077
1009,0.0029582499999999956
1010,-0.001104250000000008
1011,0.003270749999999996
1012,-0.001104250000000008
1013,0.003270749999999996
1014,-0.0014167500000000083
1015,0.003583249999999996
1016,-0.0014167500000000083
1017,0.0038957499999999964
1018,-0.0017292500000000086
1019,0.004208249999999997
1020,-0.002041750000000009
1021,0.004520749999999997
1022,-0.0026667500000000025
1023,0.0051457499999999975
1024,-0.0036042500000000033
1025,0.006395749999999999
1026,-0.005479250000000005
1027,0.009520749999999994
1028,-0.012041750000000004
1029,0.03827074999999999
1030,0.08827074999999998
1031,0.07983325
1032,0.07858325
1033,0.08920824999999999
1034,0.048895749999999995
1035,-0.011104250000000003
1036,0.007958249999999993
1037,-0.0036042500000000033
1038,0.004520749999999997
1039,-0.0017292500000000016
1040,0.0029582499999999956
1041,-0.00047925000000000745
1042,0.002333249999999995
1043,0.0001457499999999931
1044,0.0017082499999999945
1045,0.0004582499999999934
1046,0.0013957499999999942
1047,0.0007707499999999937
1048,0.0013957499999999942
1049,0.001083249999999994
1050,0.0013957499999999942
1051,0.0004582499999999934
1052,0.0029582499999999956
1053,-0.0039167500000000036
1054,0.027645749999999993
1055,0.10389575
1056,0.03952074999999999
1057,-0.0039167500000000036
1058,0.0013957499999999942
1059,0.0029582499999999887
1060,-0.002354250000000009
1061,0.006708249999999992
1062,-0.009229250000000008
1063,0.03514574999999999
1064,0.09170824999999999
1065,0.07608324999999999
1066,0.08389574999999999
1067,0.07952075
1068,0.08170824999999998
1069,0.08108325
1070,0.08014574999999999
1071,0.08358325
1072,0.07670825
1073,0.08983325
1074,0.048583249999999994
1075,-0.011104250000000024
1076,0.007958249999999986
1077,-0.0039167500000000105
1078,0.0051457500000000045
1079,-0.002041750000000009
1080,0.0038957499999999895
1081,-0.001104250000000015
1082,0.0029582499999999956
1083,-0.0007917500000000077
1084,0.0026457499999999884
1085,-0.00016675000000000717
1086,0.002333249999999995
1087,-0.00016675000000000717
1088,0.002333249999999995
1089,0.0001457499999999931
1090,0.0017082499999999876
1091,0.0004582499999999934
1092,0.0017082499999999945
1093,0.0007707500000000006
1094,0.0013957499999999942
1095,0.0007707499999999937
1096,0.0013957499999999942
1097,0.0007707499999999937
1098,0.0013957499999999942
1099,0.001083249999999994
1100,0.001083249999999994
1101,0.001083249999999994
1102,0.001083249999999994
1103,0.0013957499999999942
1104,0.0007707499999999937
1105,0.0017082499999999945
1106,0.0004582499999999934
1107,0.0017082499999999945
1108,-0.00016675000000000717
1109,0.002333249999999995
1110,-0.00047925000000000745
1111,0.0029582499999999887
1112,-0.001104250000000008
1113,0.0038957499999999895
1114,-0.0026667500000000025
1115,0.006708249999999992
1116,-0.008916750000000005
1117,0.034520749999999996
1118,0.09233325
1119,0.07514575
1120,0.08483325
1121,0.07827074999999999
1122,0.08327074999999999
1123,0.07952074999999999
1124,0.08233325
1125,0.08014574999999999
1126,0.08139574999999999
1127,0.08108325
1128,0.08077074999999999
1129,0.08202074999999999
1130,0.07952074999999999
1131,0.08358325
1132,0.07670824999999999
1133,0.08983325
1134,0.04889574999999999
1135,-0.011416750000000007
1136,0.008583249999999994
1137,-0.004229250000000011
1138,0.005458249999999991
1139,-0.0026667500000000094
1140,0.004208249999999997
1141,-0.0017292500000000086
1142,0.003583249999999996
1143,-0.0014167500000000083
1144,0.003270749999999996
1145,-0.001104250000000008
1146,0.003270749999999996
1147,-0.0007917500000000077
1148,0.0029582499999999956
1149,-0.0007917500000000077
1150,0.0026457499999999953
1151,-0.0007917500000000077
1152,0.0029582499999999956
1153,-0.0007917500000000077
1154,0.0029582499999999956
1155,-0.0007917500000000077
1156,0.0029582499999999956
1157,-0.0007917500000000077
1158,0.003270749999999996
1159,-0.001104250000000008
1160,0.003583249999999996
1161,-0.002041750000000009
1162,0.0051457499999999975
1163,-0.004541750000000004
1164,0.010770749999999996
1165,-0.03204175
1166,-0.09079175
1167,-0.07204175000000002
1168,-0.08391675000000001
1169,-0.07485425000000001
1170,-0.08266675000000001
1171,-0.07516675
1172,-0.08297925
1173,-0.07454175
1174,-0.08391675000000001
1175,-0.07235425000000001
1176,-0.09016674999999999
1177,-0.044229250000000005
1178,0.011395749999999993
1179,-0.004229250000000004
1180,0.0038957499999999964
1181,-0.0007917500000000077
1182,0.002333249999999995
1183,0.0007707499999999937
1184,0.001083249999999994
1185,0.0017082499999999945
1186,-0.00016675000000000717
1187,0.0029582499999999887
1188,-0.002041750000000009
1189,0.0060832499999999914
1190,-0.008604250000000008
1191,0.03452074999999999
1192,0.09233324999999999
1193,0.07545824999999999
1194,0.08420825
1195,0.07983325
1196,0.07983325
1197,0.08702074999999998
1198,0.05139574999999999
1199,-0.013916750000000009
1200,0.010770749999999996
1201,-0.006416750000000006
1202,0.007645749999999993
1203,-0.004854250000000004
1204,0.006395749999999992
1205,-0.0039167500000000105
1206,0.0060832499999999914
1207,-0.0036042500000000102
1208,0.005770749999999991
1209,-0.0036042500000000102
1210,0.005458249999999991
1211,-0.0036042500000000102
1212,0.005770749999999991
1213,-0.0036042500000000102
1214,0.005770749999999991
1215,-0.004229250000000011
1216,0.006708249999999992
1217,-0.005166750000000012
1218,0.007958249999999993
1219,-0.007354250000000007
1220,0.012020749999999997
1221,-0.016104250000000004
1222,0.04608325
1223,0.05795824999999999
1224,-0.01610425
1225,0.01233324999999999
1226,-0.010791750000000017
1227,0.03327074999999999
1228,0.09952074999999999
1229,0.04358325
1230,-0.007666750000000003
1231,0.005458249999999991
1232,-0.0017292500000000086
1233,0.0029582499999999887
1234,-0.00047925000000000745
1235,0.0020207499999999948
1236,0.0001457499999999931
1237,0.0017082499999999945
1238,0.0004582499999999934
1239,0.0013957499999999942
1240,0.0007707499999999937
1241,0.001083249999999994
1242,0.001083249999999994
1243,0.001083249999999994
1244,0.0013957499999999942
1245,0.0007707499999999937
1246,0.0013957499999999942
1247,0.0007707499999999937
1248,0.0013957499999999942
1249,0.0007707499999999937
1250,0.0017082499999999945
1251,0.0004582499999999934
1252,0.0017082499999999945
1253,0.0004582499999999934
1254,0.0017082499999999945
1255,0.0004582499999999934
1256,0.0017082499999999945
1257,0.0004582499999999934
1258,0.0017082499999999945
1259,0.0004582499999999934
1260,0.0017082499999999945
1261,0.0004582499999999934
1262,0.0017082499999999945
1263,0.0004582499999999934
1264,0.0020207499999999948
1265,0.0001457499999999931
1266,0.0020207499999999948
1267,0.0001457499999999931
1268,0.0020207499999999948
1269,-0.00016675000000000717
1270,0.0026457499999999953
1271,-0.00047925000000000745
1272,0.0026457499999999953
1273,-0.0007917500000000077
1274,0.0029582499999999956
1275,-0.001104250000000008
1276,0.003270749999999996
1277,-0.0014167500000000083
1278,0.004208249999999997
1279,-0.0026667500000000025
1280,0.005770749999999998
1281,-0.005166750000000005
1282,0.011708249999999996
1283,-0.03329175
1284,-0.08954175
1285,-0.07360425000000001
1286,-0.08235425000000002
1287,-0.07641675
1288,-0.08079175
1289,-0.07766675
1290,-0.07985425000000002
1291,-0.07829175
1292,-0.07954175
1293,-0.07860425000000001
1294,-0.07891675000000001
1295,-0.07891675000000001
1296,-0.07860425000000001
1297,-0.07922925
1298,-0.07829175
1299,-0.07954175
1300,-0.07797925
1301,-0.08016675000000001
1302,-0.07735425000000001
1303,-0.08079175
1304,-0.07641675
1305,-0.08235425000000002
1306,-0.07360425000000001
1307,-0.08860425000000002
1308,-0.04579175
1309,0.012645749999999994
1310,-0.005479250000000005
1311,0.005458249999999998
1312,-0.002354250000000002
1313,0.0038957499999999964
1314,-0.0014167500000000083
1315,0.003270749999999996
1316,-0.0007917500000000077
1317,0.0026457499999999953
1318,-0.00047925000000000745
1319,0.002333249999999995
1320,-0.00016675000000000717
1321,0.002333249999999995
1322,0.0001457499999999931
1323,0.0020207499999999948
1324,0.0001457499999999931
1325,0.0020207499999999948
1326,0.0001457499999999931
1327,0.0017082499999999945
1328,0.0004582499999999934
1329,0.0017082499999999945
1330,0.0004582499999999934
1331,0.0017082499999999945
1332,0.0004582499999999934
1333,0.0017082499999999945
1334,0.0007707499999999937
1335,0.0013957499999999942
1336,0.0007707499999999937
1337,0.0017082499999999945
1338,0.0004582499999999934
1339,0.0013957499999999942
1340,0.0007707499999999937
1341,0.001083249999999994
1342,0.0007707499999999937
1343,0.001083249999999994
1344,0.0013957499999999942
1345,0.0007707499999999937
1346,0.0020207499999999948
1347,-0.00047925000000000745
1348,0.004208249999999993
1349,-0.0061042500000000055
1350,0.03108325
1351,0.09702074999999999
1352,0.06889574999999999
1353,0.09577074999999999
1354,0.04389575
1355,-0.007354250000000007
1356,0.004520749999999997
1357,-0.0007917500000000077
1358,0.0020207499999999948
1359,0.0004582499999999934
1360,0.0013957499999999942
1361,0.0007707499999999937
1362,0.0013957499999999942
1363,0.001083249999999994
1364,0.001083249999999994
1365,0.001083249999999994
1366,0.001083249999999994
1367,0.0013957499999999942
1368,0.0007707499999999937
1369,0.0013957499999999942
1370,0.0007707499999999937
1371,0.0013957499999999942
1372,0.0007707499999999937
1373,0.0013957499999999942
1374,0.0007707499999999937
1375,0.0013957499999999942
1376,0.0007707499999999937
1377,0.0013957499999999942
1378,0.0007707499999999937
1379,0.0013957499999999942
1380,0.0007707499999999937
1381,0.0013957499999999942
1382,0.0007707499999999937
1383,0.0013957499999999942
1384,0.001083249999999994
1385,0.0013957499999999942
1386,0.001083249999999994
1387,0.0013957499999999942
1388,0.0007707499999999937
1389,0.0013957499999999942
1390,0.0007707499999999937
1391,0.001083249999999994
1392,0.001083249999999994
1393,0.0007707499999999937
1394,0.0013957499999999942
1395,0.0001457499999999931
1396,0.0026457499999999953
1397,-0.002041750000000009
1398,0.008270749999999993
1399,-0.028916750000000005
1400,-0.09485425
1401,-0.06641675
1402,-0.09391675000000002
1403,-0.04141675000000001
1404,0.009208249999999994
1405,-0.002041750000000009
1406,0.0026457499999999953
1407,0.0004582499999999934
1408,0.0013957499999999942
1409,0.001083249999999994
1410,0.0007707499999999937
1411,0.0013957499999999942
1412,0.0004582499999999934
1413,0.0020207499999999948
1414,0.0001457499999999931
1415,0.0020207499999999948
1416,0.0001457499999999931
1417,0.002333249999999995
1418,-0.00016675000000000717
1419,0.0026457499999999953
1420,-0.00047925000000000745
1421,0.0029582499999999956
1422,-0.0014167500000000083
1423,0.0038957499999999964
1424,-0.002354250000000002
1425,0.005458249999999998
1426,-0.005166750000000005
1427,0.012020749999999993
1428,-0.03329175
1429,-0.08954175
1430,-0.07360425000000001
1431,-0.08204175
1432,-0.07672925
1433,-0.08016675000000001
1434,-0.07797925
1435,-0.07922925
1436,-0.07891675000000001
1437,-0.07829175
1438,-0.07985425000000002
1439,-0.07704174999999999
1440,-0.08172925
1441,-0.07422925
1442,-0.08766675
1443,-0.04672925
1444,0.013583249999999995
1445,-0.0061042500000000055
1446,0.006395749999999992
1447,-0.003291750000000003
1448,0.004833249999999997
1449,-0.002041750000000009
1450,0.0038957499999999964
1451,-0.0014167500000000083
1452,0.003583249999999996
1453,-0.001104250000000008
1454,0.003270749999999996
1455,-0.001104250000000008
1456,0.003270749999999996
1457,-0.001104250000000008
1458,0.003583249999999996
1459,-0.001104250000000008
1460,0.003583249999999996
1461,-0.0017292500000000086
1462,0.004520749999999997
1463,-0.00329175000000001
1464,0.007020749999999992
1465,-0.009229250000000008
1466,0.03483324999999999
1467,0.09295824999999999
1468,0.07452075
1469,0.08608325
1470,0.07702075
1471,0.08514574999999999
1472,0.07702075
1473,0.08577074999999998
1474,0.07483324999999999
1475,0.09170824999999999
1476,0.04702075
1477,-0.009854250000000009
1478,0.007020749999999992
1479,-0.0029792500000000097
1480,0.004208249999999997
1481,-0.0014167500000000083
1482,0.003270749999999996
1483,-0.0007917500000000077
1484,0.0029582499999999956
1485,-0.00047925000000000745
1486,0.0026457499999999953
1487,-0.00047925000000000745
1488,0.002333249999999995
1489,-0.00016675000000000717
1490,0.002333249999999995
1491,-0.00016675000000000717
1492,0.002333249999999995
1493,-0.00016675000000000717
1494,0.002333249999999995
1495,-0.00016675000000000717
1496,0.002333249999999995
1497,-0.00016675000000000717
1498,0.0020207499999999948
1499,0.0001457499999999931
1500,0.0020207499999999948
1501,0.0001457499999999931
1502,0.0020207499999999948
1503,0.0001457499999999931
1504,0.0020207499999999948
1505,0.0001457499999999931
1506,0.0020207499999999948
1507,0.0001457499999999931
1508,0.0020207499999999948
1509,0.0001457499999999931
1510,0.0020207499999999948
1511,0.0001457499999999931
1512,0.0020207499999999948
1513,0.0001457499999999931
1514,0.0020207499999999948
1515,-0.00016675000000000717
1516,0.002333249999999995
1517,-0.00016675000000000717
1518,0.002333249999999995
1519,-0.00016675000000000717
1520,0.002333249999999995
1521,-0.00016675000000000717
1522,0.002333249999999995
1523,-0.00047925000000000745
1524,0.0026457499999999953
1525,-0.00047925000000000745
1526,0.0029582499999999956
1527,-0.0007917500000000077
1528,0.0029582499999999956
1529,-0.001104250000000008
1530,0.003583249999999996
1531,-0.0017292500000000086
1532,0.004208249999999997
1533,-0.0026667500000000025
1534,0.005770749999999998
1535,-0.005479250000000005
1536,0.012020749999999993
1537,-0.03329175
1538,-0.08954175
1539,-0.07360425000000001
1540,-0.08204175
1541,-0.07672925
1542,-0.08047925
1543,-0.07766675
1544,-0.07954175
1545,-0.07860425000000001
1546,-0.07922925
1547,-0.07891675000000001
1548,-0.07860425000000001
1549,-0.07922925
1550,-0.07829175
1551,-0.07985425000000002
1552,-0.07766675
1553,-0.08079175
1554,-0.07641675
1555,-0.08235425000000002
1556,-0.07360425000000001
1557,-0.08860425000000002
1558,-0.04579175
1559,0.012958249999999994
1560,-0.005479250000000005
1561,0.005770749999999998
1562,-0.002354250000000002
1563,0.0038957499999999964
1564,-0.0014167500000000083
1565,0.003270749999999996
1566,-0.0007917500000000077
1567,0.0026457499999999953
1568,-0.00047925000000000745
1569,0.0026457499999999953
1570,-0.00016675000000000717
1571,0.002333249999999995
1572,-0.00016675000000000717
1573,0.002333249999999995
1574,0.0001457499999999931
1575,0.0020207499999999948
1576,0.0001457499999999931
1577,0.0020207499999999948
1578,0.0001457499999999931
1579,0.0020207499999999948
1580,0.0001457499999999931
1581,0.0020207499999999948
1582,0.0004582499999999934
1583,0.0017082499999999945
1584,0.0004582499999999934
1585,0.0017082499999999945
1586,0.0004582499999999934
1587,0.0017082499999999945
1588,0.0004582499999999934
1589,0.0017082499999999945
1590,0.0004582499999999934
1591,0.0017082499999999945
1592,0.0004582499999999934
1593,0.0017082499999999945
1594,0.0004582499999999934
1595,0.0017082499999999945
1596,0.0004582499999999934
1597,0.0017082499999999945
1598,0.0004582499999999934
1599,0.0017082499999999945
1600,0.0004582499999999934
1601,0.0017082499999999945
1602,0.0004582499999999934
1603,0.0017082499999999945
1604,0.0004582499999999934
1605,0.0017082499999999945
1606,0.0004582499999999934
1607,0.0017082499999999945
1608,0.0004582499999999934
1609,0.0017082499999999945
1610,0.0004582499999999934
1611,0.0017082499999999945
1612,0.0001457499999999931
1613,0.0020207499999999948
1614,0.0001457499999999931
1615,0.0020207499999999948
1616,0.0001457499999999931
1617,0.0020207499999999948
1618,-0.00016675000000000717
1619,0.002333249999999995
1620,-0.00016675000000000717
1621,0.0026457499999999953
1622,-0.0007917500000000077
1623,0.003270749999999996
1624,-0.0014167500000000083
1625,0.004208249999999997
1626,-0.0029792500000000027
1627,0.006708249999999992
1628,-0.008916750000000008
1629,0.034833249999999996
1630,0.09233325
1631,0.07514575000000001
1632,0.08514574999999999
1633,0.07795825
1634,0.08358325
1635,0.07889574999999999
1636,0.08295825000000001
1637,0.07952075
1638,0.08233325
1639,0.07952074999999999
1640,0.08264574999999999
1641,0.07983325
1642,0.08233325
1643,0.08014575
1644,0.08202075
1645,0.07983325
1646,0.08233325
1647,0.07983325
1648,0.08264574999999999
1649,0.07920824999999998
1650,0.08327075
1651,0.07733324999999999
1652,0.08827074999999998
1653,0.051083250000000004
1654,-0.01579175000000002
1655,0.01764575
1656,-0.037041750000000005
1657,-0.08641675000000001
1658,-0.07672925000000001
1659,-0.07766675
1660,-0.08485425
1661,-0.04922925000000001
1662,0.016708249999999994
1663,-0.009854250000000009
1664,0.011395749999999996
1665,-0.009854250000000009
1666,0.016083249999999997
1667,-0.037354250000000006
1668,-0.08516674999999999
1669,-0.07829175000000001
1670,-0.07579175
1671,-0.08704175
1672,-0.04672925000000001
1673,0.013895749999999995
1674,-0.0061042500000000055
1675,0.006395749999999999
1676,-0.003291750000000003
1677,0.004520749999999997
1678,-0.002354250000000009
1679,0.004520749999999997
1680,-0.002354250000000009
1681,0.004833249999999997
1682,-0.00329175000000001
1683,0.007020749999999992
1684,-0.009229250000000008
1685,0.03452074999999999
1686,0.09264575
1687,0.07483324999999999
1688,0.08545824999999999
1689,0.07702075
1690,0.08452075
1691,0.07764574999999999
1692,0.08452075
1693,0.07733324999999999
1694,0.08577074999999998
1695,0.07483324999999999
1696,0.09202075
1697,0.04670824999999999
1698,-0.009541750000000009
1699,0.006708249999999992
1700,-0.0026667500000000094
1701,0.0038957499999999964
1702,-0.001104250000000008
1703,0.0029582499999999956
1704,-0.00047925000000000745
1705,0.002333249999999995
1706,-0.00016675000000000717
1707,0.002333249999999995
1708,0.0001457499999999931
1709,0.0020207499999999948
1710,0.0001457499999999931
1711,0.0020207499999999948
1712,0.0001457499999999931
1713,0.0020207499999999948
1714,0.0007707499999999937
1715,0.0013957499999999942
1716,0.0007707499999999937
1717,0.0013957499999999942
1718,0.0007707499999999937
1719,0.0013957499999999942
1720,0.0007707499999999937
1721,0.0013957499999999942
1722,0.0007707499999999937
1723,0.0013957499999999942
1724,0.0007707499999999937
1725,0.0013957499999999942
1726,0.0007707499999999937
1727,0.0013957499999999942
1728,0.0007707499999999937
1729,0.0013957499999999942
1730,0.0007707499999999937
1731,0.0013957499999999942
1732,0.0007707499999999937
1733,0.0013957499999999942
1734,0.0007707499999999937
1735,0.0013957499999999942
1736,0.0007707499999999937
1737,0.0013957499999999942
1738,0.0007707499999999937
1739,0.0013957499999999942
1740,0.0007707499999999937
1741,0.0013957499999999942
1742,0.0007707499999999937
1743,0.0013957499999999942
1744,0.0007707499999999937
1745,0.0013957499999999942
1746,0.0007707499999999937
1747,0.0013957499999999942
1748,0.0007707499999999937
1749,0.0013957499999999942
1750,0.0007707499999999937
1751,0.0013957499999999942
1752,0.0007707499999999937
1753,0.0013957499999999942
1754,0.0007707499999999937
1755,0.0013957499999999942
1756,0.0007707499999999937
1757,0.0013957499999999942
1758,0.0007707499999999937
1759,0.0013957499999999942
1760,0.0007707499999999937
1761,0.0013957499999999942
1762,0.0007707499999999937
1763,0.0013957499999999942
1764,0.0007707499999999937
1765,0.0013957499999999942
1766,0.001083249999999994
1767,0.0013957499999999942
1768,0.001083249999999994
1769,0.0007707499999999937
1770,0.0013957499999999942
1771,0.0007707499999999937
1772,0.0013957499999999942
1773,0.0007707499999999937
1774,0.0013957499999999942
1775,0.0007707499999999937
1776,0.0013957499999999942
1777,0.0007707499999999937
1778,0.0013957499999999942
1779,0.0007707499999999937
1780,0.0013957499999999942
1781,0.0007707499999999937
1782,0.0017082499999999945
1783,0.0004582499999999934
1784,0.0017082499999999945
1785,0.0001457499999999931
1786,0.0026457499999999953
1787,-0.0007917500000000077
1788,0.003270749999999996
1789,-0.002041750000000009
1790,0.005770749999999991
1791,-0.008291750000000007
1792,0.03389574999999999
1793,0.09327074999999999
1794,0.07389574999999998
1795,0.08639574999999998
1796,0.07639574999999998
1797,0.08545824999999999
1798,0.07639575
1799,0.08827075000000001
1800,0.05483325
1801,-0.04141675000000001
1802,-0.08641675000000001
1803,-0.07485425000000001
1804,-0.08204175
1805,-0.07610425000000001
1806,-0.08172925
1807,-0.07610425000000001
1808,-0.08172925
1809,-0.07610425000000001
1810,-0.08204175
1811,-0.07547925
1812,-0.08329175
1813,-0.07329175
1814,-0.08860425000000002
1815,-0.046416750000000014
1816,0.015145749999999993
1817,-0.012041750000000004
1818,0.035145749999999996
1819,0.09420825
1820,0.07108325
1821,0.09420824999999998
1822,0.04545824999999999
1823,-0.008291750000000007
1824,0.005458249999999991
1825,-0.0017292500000000086
1826,0.0029582499999999956
1827,-0.00047925000000000745
1828,0.0020207499999999948
1829,0.0004582499999999934
1830,0.0017082499999999945
1831,0.0007707499999999937
1832,0.0013957499999999942
1833,0.0007707499999999937
1834,0.001083249999999994
1835,0.001083249999999994
1836,0.001083249999999994
1837,0.001083249999999994
1838,0.001083249999999994
1839,0.001083249999999994
1840,0.0007707499999999937
1841,0.0013957499999999942
1842,0.0007707499999999937
1843,0.0013957499999999942
1844,0.0007707499999999937
1845,0.0013957499999999942
1846,0.0004582499999999934
1847,0.0017082499999999945
1848,0.0004582499999999934
1849,0.0017082499999999945
1850,0.0001457499999999931
1851,0.0020207499999999948
1852,0.0001457499999999931
1853,0.002333249999999995
1854,-0.00016675000000000717
1855,0.0026457499999999953
1856,-0.00047925000000000745
1857,0.0029582499999999956
1858,-0.001104250000000008
1859,0.0035832499999999892
1860,-0.002041750000000009
1861,0.00483324999999999
1862,-0.0039167500000000036
1863,0.007958249999999993
1864,-0.010479250000000006
1865,0.03670824999999999
1866,0.08983324999999998
1867,0.07827075
1868,0.08014574999999999
1869,0.08764575
1870,0.05045824999999999
1871,-0.012666750000000008
1872,0.009520749999999994
1873,-0.005166750000000005
1874,0.0060832499999999914
1875,-0.0036042500000000102
1876,0.005145749999999991
1877,-0.0026667500000000094
1878,0.004520749999999997
1879,-0.002041750000000009
1880,0.0038957499999999964
1881,-0.0017292500000000086
1882,0.003583249999999996
1883,-0.0014167500000000083
1884,0.0038957499999999964
1885,-0.0014167500000000083
1886,0.003583249999999996
1887,-0.0014167500000000083
1888,0.003583249999999996
1889,-0.001104250000000008
1890,0.003583249999999996
1891,-0.0014167500000000083
1892,0.003583249999999996
1893,-0.0017292500000000086
1894,0.0038957499999999964
1895,-0.002041750000000009
1896,0.0038957499999999964
1897,-0.002041750000000009
1898,0.004520749999999997
1899,-0.0026667500000000025
1900,0.005458249999999998
1901,-0.0039167500000000036
1902,0.007020749999999992
1903,-0.006729250000000006
1904,0.013583249999999995
1905,-0.035166750000000004
1906,-0.08735425
1907,-0.07579175000000002
1908,-0.07954175
1909,-0.07954175000000001
1910,-0.07704175
1911,-0.08235425
1912,-0.07297925000000001
1913,-0.09016675000000002
1914,-0.043291750000000004
1915,0.008270749999999993
1916,0.003583249999999996
1917,-0.02672925000000001
1918,-0.09485425000000001
1919,-0.06860425
1920,-0.08672925
1921,-0.07235425000000001
1922,-0.08485425
1923,-0.07360425000000001
1924,-0.08422924999999999
1925,-0.07391675
1926,-0.08422924999999999
1927,-0.07329175
1928,-0.08516675
1929,-0.07110425000000001
1930,-0.09110425000000001
1931,-0.04360425000000001
1932,0.010770749999999996
1933,-0.003291750000000003
1934,0.003583249999999996
1935,-0.00047925000000000745
1936,0.002333249999999995
1937,0.0001457499999999931
1938,0.0017082499999999945
1939,0.0007707499999999937
1940,0.0013957499999999942
1941,0.001083249999999994
1942,0.0007707499999999937
1943,0.0013957499999999942
1944,0.0007707499999999937
1945,0.0013957499999999942
1946,0.0007707499999999937
1947,0.0013957499999999942
1948,0.0007707499999999937
1949,0.0013957499999999942
1950,0.0007707499999999937
1951,0.0013957499999999942
1952,0.0007707499999999937
1953,0.0013957499999999942
1954,0.0007707499999999937
1955,0.0013957499999999942
1956,0.0007707499999999937
1957,0.0013957499999999942
1958,0.0007707499999999937
1959,0.0013957499999999942
1960,0.0007707499999999937
1961,0.0013957499999999942
1962,0.0007707499999999937
1963,0.0013957499999999942
1964,0.0007707499999999937
1965,0.0013957499999999942
1966,0.0007707499999999937
1967,0.0013957499999999942
1968,0.0007707499999999937
1969,0.0013957499999999942
1970,0.0007707499999999937
1971,0.0013957499999999942
1972,0.0007707499999999937
1973,0.0013957499999999942
1974,0.0007707499999999937
1975,0.0013957499999999942
1976,0.0007707499999999937
1977,0.0013957499999999942
1978,0.0007707499999999937
1979,0.0013957499999999942
1980,0.0007707499999999937
1981,0.0013957499999999942
1982,0.0007707499999999937
1983,0.0013957499999999942
1984,0.0007707499999999937
1985,0.0013957499999999942
1986,0.0007707499999999937
1987,0.0013957499999999942
1988,0.0007707499999999937
1989,0.0013957499999999942
1990,0.0007707499999999937
1991,0.0013957499999999942
1992,0.0007707499999999937
1993,0.0013957499999999942
1994,0.0007707499999999937
1995,0.0013957499999999942
1996,0.0007707499999999937
1997,0.0013957499999999942
1998,0.0007707499999999937
1999,0.0013957499999999942
2000,0.0007707499999999937
2001,0.0013957499999999942
2002,0.0007707499999999937
2003,0.0013957499999999942
2004,0.0007707499999999937
2005,0.0013957499999999942
2006,0.0007707499999999937
2007,0.0013957499999999942
2008,0.0007707499999999937
2009,0.0013957499999999942
2010,0.0007707499999999937
2011,0.0013957499999999942
2012,0.0007707499999999937
2013,0.0013957499999999942
2014,0.0007707499999999937
2015,0.0017082499999999945
2016,0.0007707499999999937
2017,0.0017082499999999945
2018,0.0004582499999999934
2019,0.0017082499999999945
2020,0.0004582499999999934
2021,0.0017082499999999945
2022,0.0004582499999999934
2023,0.0017082499999999945
2024,0.0004582499999999934
2025,0.0017082499999999945
2026,0.0004582499999999934
2027,0.0017082499999999945
2028,0.0004582499999999934
2029,0.0017082499999999945
2030,0.0004582499999999934
2031,0.0017082499999999945
2032,0.0004582499999999934
2033,0.0017082499999999945
2034,0.0004582499999999934
2035,0.0017082499999999945
2036,0.0004582499999999934
2037,0.0017082499999999945
2038,0.0004582499999999934
2039,0.0017082499999999945
2040,0.0004582499999999934
2041,0.0020207499999999948
2042,0.0001457499999999931
2043,0.0020207499999999948
2044,0.0001457499999999931
2045,0.002333249999999995
2046,-0.00047925000000000745
2047,0.003270749999999996
2048,-0.002041750000000009
2049,0.007645749999999993
2050,-0.02735425000000001
2051,-0.09985424999999999
2052,-0.03985425000000001
2053,0.008895749999999994
2054,-0.002354250000000002
2055,0.003270749999999996
2056,-0.00047925000000000745
2057,0.002333249999999995
2058,0.0001457499999999931
2059,0.0020207499999999948
2060,0.0001457499999999931
2061,0.002333249999999995
2062,0.0001457499999999931
2063,0.0020207499999999948
2064,0.0001457499999999931
2065,0.0020207499999999948
2066,0.0001457499999999931
2067,0.0020207499999999948
2068,0.0001457499999999931
2069,0.0020207499999999948
2070,0.0001457499999999931
2071,0.0020207499999999948
2072,-0.00016675000000000717
2073,0.002333249999999995
2074,-0.00016675000000000717
2075,0.002333249999999995
2076,-0.00047925000000000745
2077,0.0026457499999999953
2078,-0.0007917500000000077
2079,0.0029582499999999956
2080,-0.0014167500000000083
2081,0.00452074999999999
2082,-0.0039167500000000036
2083,0.010145749999999995
2084,-0.031104250000000007
2085,-0.09204175
2086,-0.07047925000000001
2087,-0.08672925000000001
2088,-0.06985425
2089,-0.09235425
2090,-0.04110425
2091,0.004833250000000011
2092,0.025458249999999988
2093,0.10108325
2094,0.06483325
2095,0.09952074999999999
2096,0.040145749999999994
2097,-0.003291750000000003
2098,-0.00016675000000000717
2099,0.005458249999999998
2100,-0.008604250000000008
2101,0.034520749999999996
2102,0.09233325
2103,0.07514575000000001
2104,0.08483325
2105,0.07858325
2106,0.08295824999999998
2107,0.07952075
2108,0.08202075
2109,0.08045825000000001
2110,0.08170825000000001
2111,0.08077075
2112,0.08108325
2113,0.08108325
2114,0.08077075
2115,0.08202075
2116,0.07858325
2117,0.08702075
2118,0.05358324999999999
2119,-0.021104250000000005
2120,0.041395749999999995
2121,0.08702074999999998
2122,0.07983325
2123,0.07920825
2124,0.08733325
2125,0.05170824999999999
2126,-0.015166750000000007
2127,0.01295824999999999
2128,-0.010479250000000002
2129,0.01639575
2130,-0.037666750000000006
2131,-0.08516675000000001
2132,-0.07860425000000001
2133,-0.07579174999999999
2134,-0.08735425000000001
2135,-0.04641675
2136,0.013270749999999984
2137,-0.005479250000000005
2138,0.005770749999999991
2139,-0.002354250000000002
2140,0.004208249999999997
2141,-0.0014167500000000083
2142,0.003270750000000003
2143,-0.0004792500000000144
2144,0.0026457499999999884
2145,-0.0004792500000000144
2146,0.0026457499999999884
2147,0.00014574999999998617
2148,0.002020749999999988
2149,0.00014574999999998617
2150,0.002333249999999995
2151,0.00014575000000000005
2152,0.0020207500000000017
2153,0.00014575000000000005
2154,0.0020207500000000017
2155,0.00014575000000000005
2156,0.002333249999999995
2157,-0.00016675000000000717
2158,0.0026457499999999884
2159,-0.0007917500000000077
2160,0.0035832499999999823
2161,-0.003291749999999996
2162,0.009520749999999994
2163,-0.030479250000000006
2164,-0.09266675000000002
2165,-0.06985425
2166,-0.08704175
2167,-0.06985425
2168,-0.09172925000000001
2169,-0.043291750000000004
2170,0.010458249999999988
2171,-0.003291750000000003
2172,0.0035832499999999892
2173,-0.00047925000000000745
2174,0.0020207499999999948
2175,0.0004582499999999934
2176,0.0013957499999999942
2177,0.0007707499999999937
2178,0.001083249999999994
2179,0.0013957499999999942
2180,0.0007707499999999937
2181,0.0013957499999999942
2182,0.0007707499999999937
2183,0.0013957499999999942
2184,0.0004582499999999934
2185,0.0017082499999999945
2186,0.0004582499999999934
2187,0.0020207499999999948
2188,-0.00016675000000000717
2189,0.002333249999999995
2190,-0.00016675000000000717
2191,0.0026457499999999953
2192,-0.00047925000000000745
2193,0.0029582499999999956
2194,-0.001104250000000008
2195,0.003270749999999996
2196,-0.0017292500000000086
2197,0.004208249999999997
2198,-0.0026667500000000094
2199,0.005770749999999998
2200,-0.004854250000000004
2201,0.008895749999999994
2202,-0.01172925000000001
2203,0.03827074999999999
2204,0.08702074999999998
2205,0.08514574999999999
2206,0.05170825
2207,-0.013291750000000019
2208,0.00952074999999998
2209,-0.005166749999999998
2210,0.005770749999999991
2211,-0.0026667500000000233
2212,0.004208249999999997
2213,-0.0017292500000000155
2214,0.003270749999999989
2215,-0.00016675000000002105
2216,0.0013957499999999873
2217,0.002333249999999995
2218,-0.004541750000000011
2219,0.029520749999999985
2220,0.09827074999999999
2221,0.06764575
2222,0.09702074999999999
2223,0.04295824999999999
2224,-0.006416750000000006
2225,0.0035832499999999892
2226,0.00014575000000000005
2227,0.0013957499999999942
2228,0.001083249999999994
2229,0.0004582499999999934
2230,0.0013957499999999942
2231,0.0004582499999999934
2232,0.0020207499999999948
2233,0.0004582499999999934
2234,0.0017082499999999945
2235,0.0001457499999999931
2236,0.0020207499999999948
2237,0.0004582499999999934
2238,0.0017082499999999945
2239,0.0004582499999999934
2240,0.0020207499999999948
2241,0.0001457499999999931
2242,0.0020207499999999948
2243,0.0001457499999999931
2244,0.0017082499999999945
2245,0.0004582499999999934
2246,0.0017082499999999945
2247,0.0004582499999999934
2248,0.0017082499999999945
2249,0.0004582499999999934
2250,0.0017082499999999945
2251,0.0004582499999999934
2252,0.0017082499999999945
2253,0.0004582499999999934
2254,0.0017082499999999945
2255,0.0004582499999999934
2256,0.0017082499999999945
2257,0.0007707499999999937
2258,0.0013957499999999942
2259,0.0007707499999999937
2260,0.0013957499999999942
2261,0.0007707499999999937
2262,0.0013957499999999942
2263,0.0007707499999999937
2264,0.0013957499999999942
2265,0.0007707499999999937
2266,0.0013957499999999942
2267,0.0007707499999999937
2268,0.0013957499999999942
2269,0.001083249999999994
2270,0.001083249999999994
2271,0.001083249999999994
2272,0.0007707499999999937
2273,0.0017082499999999945
2274,0.0001457499999999931
2275,0.0026457499999999953
2276,-0.002041750000000002
2277,0.008270749999999993
2278,-0.028916749999999998
2279,-0.09485425
2280,-0.06641675
2281,-0.09391675
2282,-0.04172925
2283,0.009208249999999994
2284,-0.002354250000000002
2285,0.003270749999999996
2286,-0.00016675000000000717
2287,0.0020207499999999948
2288,0.0004582499999999934
2289,0.0013957499999999942
2290,0.0007707499999999937
2291,0.001083249999999994
2292,0.001083249999999994
2293,0.001083249999999994
2294,0.001083249999999994
2295,0.001083249999999994
2296,0.001083249999999994
2297,0.001083249999999994
2298,0.001083249999999994
2299,0.0007707499999999937
2300,0.0013957499999999942
2301,0.0007707499999999937
2302,0.0013957499999999942
2303,0.0007707499999999937
2304,0.0013957499999999942
2305,0.0007707499999999937
2306,0.0013957499999999942
2307,0.0007707499999999937
2308,0.0013957499999999942
2309,0.0007707499999999937
2310,0.0013957499999999942
2311,0.0007707499999999937
2312,0.0013957499999999942
2313,0.0007707499999999937
2314,0.0013957499999999942
2315,0.0007707499999999937
2316,0.0013957499999999942
2317,0.0007707499999999937
2318,0.0013957499999999942
2319,0.0007707499999999937
2320,0.0013957499999999942
2321,0.0007707499999999937
2322,0.0013957499999999942
2323,0.0007707499999999937
2324,0.0013957499999999942
2325,0.0007707499999999937
2326,0.0013957499999999942
2327,0.0007707499999999937
2328,0.0013957499999999942
2329,0.0007707499999999937
2330,0.0013957499999999942
2331,0.0007707499999999937
2332,0.0013957499999999942
2333,0.0007707499999999937
2334,0.0013957499999999942
2335,0.0007707499999999937
2336,0.0013957499999999942
2337,0.001083249999999994
2338,0.001083249999999994
2339,0.001083249999999994
2340,0.001083249999999994
2341,0.001083249999999994
2342,0.001083249999999994
2343,0.001083249999999994
2344,0.001083249999999994
2345,0.001083249999999994
2346,0.001083249999999994
2347,0.001083249999999994
2348,0.001083249999999994
2349,0.001083249999999994
2350,0.001083249999999994
2351,0.001083249999999994
2352,0.001083249999999994
2353,0.001083249999999994
2354,0.0007707499999999937
2355,0.0013957499999999942
2356,0.0007707499999999937
2357,0.0017082499999999945
2358,0.0004582499999999934
2359,0.0020207499999999948
2360,-0.00016675000000000717
2361,0.0026457499999999953
2362,-0.0014167500000000083
2363,0.005145749999999991
2364,-0.007041750000000006
2365,0.032645749999999994
2366,0.09483325000000001
2367,0.07170825
2368,0.08920824999999999
2369,0.07202075
2370,0.09389575
2371,0.04514574999999999
2372,-0.008291750000000007
2373,0.005458249999999991
2374,-0.0014167500000000083
2375,0.0029582499999999956
2376,-0.00016675000000000717
2377,0.0020207499999999948
2378,0.0004582499999999934
2379,0.0017082499999999945
2380,0.0007707499999999937
2381,0.0013957499999999942
2382,0.0007707499999999937
2383,0.0013957499999999942
2384,0.0007707499999999937
2385,0.0013957499999999942
2386,0.001083249999999994
2387,0.001083249999999994
2388,0.001083249999999994
2389,0.001083249999999994
2390,0.001083249999999994
2391,0.001083249999999994
2392,0.001083249999999994
2393,0.001083249999999994
2394,0.001083249999999994
2395,0.001083249999999994
2396,0.001083249999999994
2397,0.001083249999999994
2398,0.001083249999999994
2399,0.001083249999999994
2400,0.001083249999999994
2401,0.001083249999999994
2402,0.001083249999999994
2403,0.001083249999999994
2404,0.001083249999999994
2405,0.001083249999999994
2406,0.001083249999999994
2407,0.001083249999999994
2408,0.001083249999999994
2409,0.001083249999999994
2410,0.001083249999999994
2411,0.001083249999999994
2412,0.001083249999999994
2413,0.001083249999999994
2414,0.001083249999999994
2415,0.0013957499999999942
2416,0.0007707499999999937
2417,0.0013957499999999942
2418,0.0007707499999999937
2419,0.0013957499999999942
2420,0.0004582499999999934
2421,0.0017082499999999945
2422,0.0004582499999999934
2423,0.0017082499999999945
2424,0.0004582499999999934
2425,0.0017082499999999945
2426,0.0001457499999999931
2427,0.002333249999999995
2428,-0.00047925000000000745
2429,0.0026457499999999953
2430,-0.0007917500000000077
2431,0.003583249999999996
2432,-0.002041750000000009
2433,0.0051457499999999975
2434,-0.004854250000000004
2435,0.011708249999999996
2436,-0.03360425000000001
2437,-0.08860425000000002
2438,-0.07516675
2439,-0.07922925
2440,-0.08391675000000001
2441,-0.04985425
2442,0.016395749999999987
2443,-0.008916750000000001
2444,0.009208249999999987
2445,-0.005791750000000012
2446,0.0073332499999999995
2447,-0.004854250000000004
2448,0.007020749999999992
2449,-0.004854250000000004
2450,0.0073332499999999995
2451,-0.005479250000000005
2452,0.008270749999999993
2453,-0.007041749999999999
2454,0.011395749999999996
2455,-0.013916750000000006
2456,0.04045825
2457,0.08483325
2458,0.08670824999999999
2459,0.050145749999999996
2460,-0.01172925000000001
2461,0.008270749999999993
2462,-0.0036042500000000102
2463,0.004520749999999997
2464,-0.0017292500000000086
2465,0.003270749999999996
2466,-0.0007917500000000077
2467,0.002333249999999995
2468,-0.00016675000000000717
2469,0.0020207499999999948
2470,0.0004582499999999934
2471,0.0017082499999999945
2472,0.0004582499999999934
2473,0.0017082499999999945
2474,0.0004582499999999934
2475,0.0013957499999999942
2476,0.0007707499999999937
2477,0.0013957499999999942
2478,0.0007707499999999937
2479,0.0013957499999999942
2480,0.0007707499999999937
2481,0.0013957499999999942
2482,0.0007707499999999937
2483,0.0013957499999999942
2484,0.0004582499999999934
2485,0.0020207499999999948
2486,-0.00016675000000000717
2487,0.0026457499999999953
2488,-0.0014167500000000083
2489,0.005145749999999991
2490,-0.007041750000000006
2491,0.03264574999999999
2492,0.09452074999999999
2493,0.07264574999999998
2494,0.08764575
2495,0.07514575
2496,0.08670824999999999
2497,0.07545824999999999
2498,0.08670824999999999
2499,0.07483324999999999
2500,0.08795825
2501,0.07233324999999999
2502,0.09452075
2503,0.04420824999999999
2504,-0.006729250000000006
2505,0.003270749999999989
2506,0.0007707499999999867
2507,-0.00016675000000000717
2508,0.003583249999999996
2509,-0.0026667499999999955
2510,0.006395750000000006
2511,-0.006416749999999999
2512,0.013583249999999991
2513,-0.03641675
2514,-0.08454175000000001
2515,-0.08266675
2516,-0.04922925
2517,0.015145749999999996
2518,-0.007041750000000006
2519,0.007020749999999999
2520,-0.003291750000000003
2521,0.004520749999999997
2522,-0.0017292500000000086
2523,0.0029582499999999956
2524,-0.00047925000000000745
2525,0.0017082499999999945
2526,0.0007707499999999937
2527,0.0004582499999999934
2528,0.0029582499999999956
2529,-0.0026667500000000025
2530,0.009520749999999994
2531,-0.030791750000000007
2532,-0.09141674999999999
2533,-0.07141675
2534,-0.08422925
2535,-0.07516675
2536,-0.08172925
2537,-0.07735425000000001
2538,-0.07829175000000002
2539,-0.08391675000000001
2540,-0.05079175000000001
2541,0.018270750000000002
2542,-0.01204174999999999
2543,0.013895749999999985
2544,-0.015166750000000007
2545,0.03983325
2546,0.08764575
2547,0.07983325
2548,0.08045825000000001
2549,0.08295825
2550,0.07858325
2551,0.08483324999999999
2552,0.07514574999999998
2553,0.09108325
2554,0.04733324999999999
2555,-0.010166750000000009
2556,0.007020749999999992
2557,-0.0029792500000000097
2558,0.004208249999999997
2559,-0.0014167500000000083
2560,0.003583249999999996
2561,-0.001104250000000008
2562,0.0029582499999999956
2563,-0.001104250000000008
2564,0.003583249999999996
2565,-0.001104250000000008
2566,0.0038957499999999964
2567,-0.002354250000000002
2568,0.005458249999999998
2569,-0.005166750000000005
2570,0.011395749999999996
2571,-0.03266675
2572,-0.08985425000000002
2573,-0.07329175000000002
2574,-0.08266675000000001
2575,-0.07641675
2576,-0.08079175
2577,-0.07766675
2578,-0.07954175
2579,-0.07891675000000001
2580,-0.07829175
2581,-0.08079175
2582,-0.07516675
2583,-0.08704175
2584,-0.04704175
2585,0.014208249999999995
2586,-0.006729250000000006
2587,0.007020749999999992
2588,-0.0039167500000000036
2589,0.005458249999999998
2590,-0.0026667500000000025
2591,0.004833249999999997
2592,-0.002354250000000002
2593,0.004520749999999997
2594,-0.002354250000000002
2595,0.004208249999999997
2596,-0.002041750000000009
2597,0.004208249999999997
2598,-0.002041750000000009
2599,0.004208249999999997
2600,-0.002041750000000009
2601,0.004520749999999997
2602,-0.002354250000000002
2603,0.004833249999999997
2604,-0.0029792500000000027
2605,0.005770749999999998
2606,-0.004229250000000004
2607,0.008270749999999993
2608,-0.010479250000000002
2609,0.03608325
2610,0.09108324999999999
2611,0.07608324999999999
2612,0.08420825
2613,0.07920825
2614,0.08264575
2615,0.07983325
2616,0.08202074999999999
2617,0.08014574999999999
2618,0.08202074999999999
2619,0.08014574999999999
2620,0.08202074999999999
2621,0.07983325
2622,0.08264575
2623,0.07889574999999999
2624,0.08420824999999998
2625,0.07639574999999998
2626,0.09014575
2627,0.048583249999999994
2628,-0.011416750000000003
2629,0.008270749999999993
2630,-0.004229250000000004
2631,0.005458249999999998
2632,-0.0026667500000000025
2633,0.004520749999999997
2634,-0.002041750000000002
2635,0.003583249999999996
2636,-0.0014167500000000013
2637,0.003270749999999996
2638,-0.0007917500000000008
2639,0.0026457499999999953
2640,0.0004582500000000003
2641,0.0004582499999999934
2642,0.005770749999999998
2643,-0.026416750000000003
2644,-0.09735425
2645,-0.06391675000000001
2646,-0.09641675
2647,-0.03891675
2648,0.006395749999999992
2649,0.0007707499999999867
2650,-0.0004792500000000005
2651,0.003583249999999996
2652,-0.002041749999999995
2653,0.005145749999999991
2654,-0.0036042500000000033
2655,0.006708249999999999
2656,-0.005479250000000005
2657,0.008895749999999994
2658,-0.009541750000000002
2659,0.018270750000000002
2660,-0.04391675000000001
2661,-0.05516675
2662,0.017333249999999994
2663,-0.007666750000000007
2664,0.007020749999999999
2665,-0.0029792500000000097
2666,0.004208249999999997
2667,-0.0014167500000000083
2668,0.0029582499999999956
2669,-0.00047925000000000745
2670,0.0020207499999999948
2671,0.0001457499999999931
2672,0.0017082499999999945
2673,0.0004582499999999934
2674,0.0013957499999999942
2675,0.0007707499999999937
2676,0.0013957499999999942
2677,0.0007707499999999937
2678,0.0013957499999999942
2679,0.0001457499999999931
2680,0.0026457499999999953
2681,-0.002041750000000002
2682,0.008270749999999993
2683,-0.02922925
2684,-0.09391675000000002
2685,-0.06860425
2686,-0.08797925000000001
2687,-0.07016675
2688,-0.08860425000000001
2689,-0.06735425
2690,-0.09610425
2691,-0.03516675000000001
2692,-0.01860425000000001
2693,-0.10485425000000001
2694,-0.03235425
2695,-0.022979250000000007
2696,-0.07735425000000001
2697,0.04670825000000001
2698,-0.06891675
2699,-0.025166749999999988
2700,-0.04235425000000004
2701,-0.04329175000000002
2702,-0.027041749999999976
2703,-0.05829175000000003
2704,-0.01047924999999994
2705,-0.08141675000000004
2706,0.04327074999999991
2707,-0.05422925000000001
2708,-0.07579174999999994
2709,-0.06579174999999993
2710,0.05702074999999995
2711,0.07545824999999995
2712,0.09014574999999991
2713,0.07045825000000017
2714,0.09327074999999985
2715,0.06670825000000002
2716,0.10139574999999978
2717,0.033270749999999794
2718,0.02608324999999989
2719,0.09889574999999984
2720,0.04952075000000011
2721,-0.021104249999999825
2722,0.047020749999999945
2723,0.05827074999999993
2724,-0.017041749999999967
2725,0.013895749999999873
2726,-0.012979250000000109
2727,0.037333249999999873
2728,0.0907707499999999
2729,0.07608324999999994
2730,0.08389574999999994
2731,0.08139574999999999
2732,0.059833250000000504
2733,-0.029229249999999762
2734,0.05420825000000029
2735,0.05045825000000015
2736,-0.007666749999999833
2737,0.001083250000000202
2738,0.009520750000000078
2739,-0.03610424999999973
2740,-0.06360424999999958
2741,0.026395750000000273
2742,-0.021416749999999762
2743,0.043583250000000184
2744,0.08545824999999985
2745,0.0804582500000004
2746,0.08077075000000011
2747,0.08139574999999999
2748,0.08108325000000027
2749,0.0804582500000004
2750,0.08264575000000018
2751,0.07702074999999997
2752,0.09077075000000034
2753,0.04452075000000022
2754,0.014208250000000255
2755,0.11170824999999995
2756,0.03420825000000027
2757,-0.0004792499999997091
2758,-0.0001667499999995492
2759,0.00045825000000032645
2760,0.02295825000000029
2761,0.10920825
2762,0.0335832500000004
2763,0.003270749999999989
2764,-0.009541749999999904
2765,0.035770750000000184
2766,0.09327075000000029
2767,0.05358324999999997
2768,-0.02454175000000003
2769,0.05045825000000015
2770,0.05420825000000029
2771,-0.012354249999999567
2772,0.007958250000000167
2773,-0.0036042499999999755
2774,0.007333250000000291
2775,-0.02454175000000003
2776,-0.10516674999999975
2777,-0.029229249999999762
2778,-0.026416749999999878
2779,-0.09079174999999995
2780,-0.07766675000000012
2781,-0.05610425000000019
2782,0.026083250000000113
2783,-0.04141675
2784,-0.08297925000000017
2785,-0.08172924999999998
2786,-0.05391674999999996
2787,0.025770749999999953
2788,-0.04329174999999985
2789,-0.07922925000000003
2790,-0.08829175
2791,-0.041104250000000064
2792,-0.013916750000000144
2793,-0.1089167499999999
2794,-0.029541750000000144
2795,-0.022041750000000082
2796,-0.10172925
2797,-0.03922924999999999
2798,0.010770750000000051
2799,-0.025166749999999904
2800,-0.10579175000000007
2801,-0.02797925000000001
2802,-0.02829174999999995
2803,-0.08766675000000013
2804,-0.08235425000000007
2805,-0.04579175000000002
2806,-0.010166750000000002
2807,-0.11141675000000006
2808,-0.02797925000000001
2809,-0.022041750000000082
2810,-0.10485425000000004
2811,-0.029229249999999984
2812,-0.02985424999999986
2813,-0.06297925000000015
2814,0.0035832499999999268
2815,-0.1257917500000001
2816,-0.010166750000000002
2817,-0.048916750000000064
2818,-0.04235425000000004
2819,-0.02235425000000002
2820,-0.07266675
2821,0.03827074999999991
2822,-0.05579175000000003
2823,-0.04704174999999999
2824,0.010458250000000002
2825,-0.002354250000000002
2826,0.001395750000000029
2827,0.003270749999999989
2828,-0.003916750000000024
2829,0.012333249999999962
2830,-0.03797925000000002
2831,-0.06172925000000007
2832,0.02452074999999998
2833,-0.017041750000000078
2834,0.02077075000000006
2835,-0.041104250000000064
2836,-0.08204175000000002
2837,-0.0839167500000001
2838,-0.05110424999999996
2839,0.02233324999999997
2840,-0.03860425000000001
2841,-0.08579175000000006
2842,-0.07704175000000002
2843,-0.07797924999999994
2844,-0.08454174999999997
2845,-0.04954175000000005
2846,0.01670824999999998
2847,-0.009541750000000015
2848,0.010458250000000002
2849,-0.00860424999999998
2850,0.014208250000000033
2851,-0.03454175000000004
2852,-0.08954175000000003
2853,-0.07172924999999997
2854,-0.08860425
2855,-0.04641675000000006
2856,0.014520749999999971
2857,-0.0076667499999999444
2858,0.00795825
2859,-0.005479250000000047
2860,0.008270749999999993
2861,-0.007354250000000007
2862,0.013583249999999991
2863,-0.03454174999999998
2864,-0.08860425000000005
2865,-0.07391674999999998
2866,-0.08235424999999996
2867,-0.07579174999999994
2868,-0.08235424999999996
2869,-0.07391674999999998
2870,-0.08829175
2871,-0.045791749999999964
2872,0.012333250000000018
2873,-0.0032917499999999267
2874,-0.00047924999999998663
2875,0.02639574999999994
2876,0.10045824999999997
2877,0.06639574999999998
2878,0.0942082500000001
2879,0.06764575000000006
2880,0.09608324999999995
2881,0.06264575000000006
2882,0.10858325000000002
2883,0.005770749999999936
2884,-0.09204175000000003
2885,-0.08079175000000005
2886,-0.0498542500000001
2887,0.014520749999999971
2888,-0.0054792499999999356
2889,0.0042082499999999134
2890,0.00108324999999998
2891,-0.003916750000000024
2892,0.029833249999999922
2893,0.09702074999999988
2894,0.07014575
2895,0.09045824999999996
2896,0.07108324999999993
2897,0.09483324999999998
2898,0.04452075
2899,-0.0076667500000000555
2900,0.004833250000000011
2901,-0.0011042500000000288
2902,0.0023332500000000644
2903,0.00014574999999994454
2904,0.0017082499999999667
2905,0.0004582499999999934
2906,0.00108324999999998
2907,0.00108324999999998
2908,0.0007707500000000422
2909,0.0017082499999999667
2910,-0.0001667499999999933
2911,0.0035832499999999268
2912,-0.00485425000000006
2913,0.02858325000000006
2914,0.10264574999999998
2915,0.041083249999999905
2916,-0.006104250000000033
2917,0.0042082500000000245
2918,-0.00079174999999998
2919,0.0026457499999998912
2920,-0.00079174999999998
2921,0.0038957499999999756
2922,-0.005166749999999998
2923,0.028895749999999887
2924,0.10264574999999998
2925,0.041083249999999905
2926,-0.0054792499999999356
2927,0.0038957499999999756
2928,-0.0001667499999999933
2929,0.0020207500000000156
2930,0.0007707499999999312
2931,0.0013957499999999179
2932,0.00108324999999998
2933,0.00108324999999998
2934,0.0013957499999999179
2935,0.00108324999999998
2936,0.001395750000000029
2937,0.0007707499999999312
2938,0.0013957499999999179
2939,0.0007707500000000422
2940,0.0013957499999999179
2941,0.0007707500000000422
2942,0.001395750000000029
2943,0.0007707499999999312
2944,0.001395750000000029
2945,0.0007707499999999312
2946,0.001395750000000029
2947,0.0007707499999999312
2948,0.00108324999999998
2949,0.0007707499999999312
2950,0.0013957499999999179
2951,0.0007707499999999312
2952,0.0013957499999999179
2953,0.0007707499999999312
2954,0.0013957499999999179
2955,0.00108324999999998
2956,0.00108324999999998
2957,0.00108324999999998
2958,0.00108324999999998
2959,0.0013957499999999179
2960,0.0007707499999999312
2961,0.0017082499999999667
2962,0.00045824999999988236
2963,0.0020207499999999046
2964,-0.00016675000000010431
2965,0.0026457499999998912
2966,-0.0011042500000000288
2967,0.0042082499999999134
2968,-0.0036042500000000866
2969,0.010145749999999953
2970,-0.03172925000000004
2971,-0.09110425000000011
2972,-0.07172925000000008
2973,-0.08391674999999998
2974,-0.07516675000000006
2975,-0.08204175000000002
2976,-0.07641675000000003
2977,-0.08079175000000005
2978,-0.07735425000000007
2979,-0.07954174999999997
2980,-0.07922925000000003
2981,-0.07704175000000002
2982,-0.08516674999999996
2983,-0.04922925
2984,0.016395750000000042
2985,-0.009229249999999967
2986,0.009833249999999905
2987,-0.00672925000000002
2988,0.008583250000000042
2989,-0.006416749999999971
2990,0.008583250000000042
2991,-0.007041750000000069
2992,0.010145750000000064
2993,-0.010166750000000002
2994,0.01670824999999998
2995,-0.03860425000000012
2996,-0.08360425000000005
2997,-0.08047925
2998,-0.07360425000000004
2999,-0.09016675000000007
3000,-0.04329175000000007
3001,0.009520749999999967
3002,-0.00079174999999998
3003,-0.00047925000000004214
3004,0.0060832499999999845
3005,-0.0107917500000001
3006,0.041083250000000016
3007,0.06233325000000001
3008,-0.019854250000000018
3009,0.015458249999999951
3010,-0.010791749999999989
3011,0.012645750000000067
3012,-0.012041749999999962
3013,0.019208249999999982
3014,-0.04422925
3015,-0.05579174999999997
3016,0.01858325000000005
3017,-0.010166750000000002
3018,0.010458250000000058
3019,-0.008291750000000042
3020,0.012333250000000018
3021,-0.015166750000000007
3022,0.04483324999999999
3023,0.05952075000000001
3024,-0.01766675000000001
3025,0.013583249999999991
3026,-0.009541750000000002
3027,0.01139575000000001
3028,-0.011416750000000003
3029,0.019208249999999996
3030,-0.04547925
3031,-0.05141675000000001
3032,-0.0073542500000000205
3033,-0.11516675000000001
3034,-0.02204175
3035,-0.033604249999999974
3036,-0.06485425
3037,0.03264575000000003
3038,-0.05141675000000004
3039,-0.04985424999999999
3040,0.011708250000000031
3041,0.0017082499999999667
3042,-0.027666749999999962
3043,-0.07360424999999998
3044,0.04139574999999995
3045,-0.060479249999999984
3046,-0.040791749999999904
3047,0.0023332499999999534
3048,0.01077074999999994
3049,-0.035166750000000024
3050,-0.08454175000000008
3051,-0.08360425000000005
3052,-0.048604250000000015
3053,0.014520749999999971
3054,-0.006104250000000033
3055,0.005458249999999998
3056,-0.0017292500000000155
3057,0.00295824999999994
3058,0.00014574999999994454
3059,0.00108324999999998
3060,0.0017082499999999667
3061,-0.00047925000000004214
3062,0.003270749999999989
3063,-0.002666750000000051
3064,0.007333249999999958
3065,-0.010479250000000051
3066,0.03702075000000005
3067,0.08795825000000002
3068,0.08389574999999994
3069,0.05233324999999989
3070,-0.013291749999999936
3071,0.008270749999999993
3072,0.00014574999999994454
3073,-0.02235425000000002
3074,-0.10079174999999996
3075,-0.060479249999999984
3076,-0.09922925000000005
3077,-0.03579175000000001
3078,0.00295824999999994
3079,0.004833250000000011
3080,-0.006104250000000033
3081,0.013895749999999985
3082,-0.03579175000000001
3083,-0.08516674999999996
3084,-0.08235425000000007
3085,-0.050791750000000024
3086,0.01702075000000003
3087,-0.010166750000000113
3088,0.011395749999999927
3089,-0.01047924999999994
3090,0.017958250000000064
3091,-0.04266675000000009
3092,-0.05704175000000006
3093,0.01983325000000008
3094,-0.011729249999999969
3095,0.012333250000000018
3096,-0.01266675000000006
3097,0.03577075000000002
3098,0.09545824999999997
3099,0.04858325000000002
3100,-0.014541749999999964
3101,0.014520750000000027
3102,-0.01579175000000005
3103,0.04170825000000006
3104,0.08389574999999999
3105,0.08733325000000008
3106,0.048895750000000016
3107,-0.010479250000000023
3108,0.006708249999999999
3109,-0.0007917500000000077
3110,-0.0017292499999999877
3111,0.026708250000000017
3112,0.10389575000000001
3113,0.040770749999999994
3114,-0.006729249999999992
3115,0.006395749999999978
3116,-0.006729249999999992
3117,0.03139574999999997
3118,0.09670824999999998
3119,0.06889574999999999
3120,0.09545824999999998
3121,0.04452075000000001
3122,-0.007979250000000007
3123,0.005458249999999984
3124,-0.002041750000000009
3125,0.0038957499999999895
3126,-0.002354250000000002
3127,0.005770749999999991
3128,-0.007979249999999993
3129,0.03327074999999999
3130,0.09420825
3131,0.07327075
3132,0.08702075
3133,0.07577075
3134,0.08608324999999999
3135,0.07639574999999998
3136,0.08608325
3137,0.07577075
3138,0.08733325
3139,0.07327075
3140,0.09295824999999999
3141,0.04577075
3142,-0.008604250000000008
3143,0.005458249999999998
3144,-0.0014167500000000083
3145,0.0026457500000000023
3146,-0.00016675000000000717
3147,0.002020749999999988
3148,0.0007707499999999867
3149,0.0017082499999999945
3150,0.0007707500000000006
3151,0.0013957499999999873
3152,0.0004582499999999934
3153,0.002020749999999988
3154,-0.00016675000000000717
3155,0.003270749999999975
3156,-0.004854250000000004
3157,0.02858324999999999
3158,0.10264575
3159,0.041083249999999974
3160,-0.005791750000000012
3161,0.0042082500000000245
3162,-0.001104250000000001
3163,0.002958249999999968
3164,-0.001104250000000001
3165,0.004833250000000011
3166,-0.00672925000000002
3167,0.03202074999999996
3168,0.09545825000000002
3169,0.07170825
3170,0.08920825000000002
3171,0.07327075000000002
3172,0.08952075000000001
3173,0.07139575000000001
3174,0.09514575
3175,0.04389574999999998
3176,-0.006416749999999999
3177,0.00358325000000001
3178,0.00045825000000002114
3179,0.00045824999999996563
3180,0.00264575000000003
3181,-0.001104250000000001
3182,0.0038957500000000034
3183,-0.002041749999999981
3184,0.005145749999999977
3185,-0.0036042500000000033
3186,0.007333250000000041
3187,-0.007354249999999979
3188,0.014520750000000027
3189,-0.037354250000000006
3190,-0.08391675000000001
3191,-0.08360424999999999
3192,-0.04860424999999999
3193,0.014520750000000027
3194,-0.00672925000000002
3195,0.006395750000000006
3196,-0.0029792500000000166
3197,0.0038957499999999756
3198,-0.0014167499999999666
3199,0.0026457499999999745
3200,-0.00016675000000002105
3201,0.002020749999999988
3202,0.0004582499999999934
3203,0.00108324999999998
3204,0.0013957500000000012
3205,0.00045825000000000726
3206,0.002333249999999995
3207,-0.0004792500000000005
3208,0.0035832499999999823
3209,-0.0023542500000000056
3210,0.006083249999999998
3211,-0.006416750000000006
3212,0.014833249999999992
3213,-0.04047925
3214,-0.058916750000000004
3215,0.020770750000000004
3216,-0.011416750000000003
3217,0.011083249999999989
3218,-0.007354250000000007
3219,0.008895749999999994
3220,-0.006416750000000027
3221,0.008583250000000014
3222,-0.007354250000000007
3223,0.011083249999999989
3224,-0.013291750000000019
3225,0.03889574999999995
3226,0.08764575
3227,0.08045825000000001
3228,0.07795824999999998
3229,0.08920824999999999
3230,0.048895750000000016
3231,-0.011416750000000031
3232,0.007958249999999972
3233,-0.003916749999999997
3234,0.005145749999999977
3235,-0.002041750000000009
3236,0.0038957500000000034
3237,-0.0014167500000000222
3238,0.003270749999999989
3239,-0.0011042500000000288
3240,0.003270749999999989
3241,-0.0004792500000000144
3242,0.0026457500000000023
3243,-0.0004792500000000144
3244,0.0029582499999999956
3245,-0.0007917500000000355
3246,0.0026457500000000023
3247,-0.00047925000000004214
3248,0.0026457500000000023
3249,-0.00047924999999998663
3250,0.00264575000000003
3251,-0.00047924999999998663
3252,0.0026457499999999745
3253,-0.0004792500000000144
3254,0.0026457500000000023
3255,-0.00016674999999996554
3256,0.002333250000000009
3257,0.00014575000000000005
3258,0.0017082499999999945
3259,0.00108324999999998
3260,0.0001457499999999723
3261,0.004208249999999969
3262,-0.007354249999999979
3263,0.036395750000000004
3264,0.06920824999999997
3265,-0.029541750000000006
3266,0.031083249999999993
3267,-0.05391675000000001
3268,-0.04672925000000001
3269,0.009208249999999994
3270,-0.00016675000000000717
3271,-0.0004792500000000144
3272,0.004520750000000004
3273,-0.004229250000000018
3274,0.008583249999999973
3275,-0.009541749999999988
3276,0.017645749999999988
3277,-0.04329174999999999
3278,-0.05579175
3279,0.018895750000000044
3280,-0.01110425000000001
3281,0.015770750000000028
3282,-0.038604250000000034
3283,-0.06391674999999997
3284,0.028895749999999942
3285,-0.02422924999999998
3286,0.03202075000000004
3287,-0.059541750000000004
3288,-0.03360425000000006
3289,-0.03329175000000001
3290,-0.05766674999999999
3291,0.013895749999999985
3292,0.00295824999999994
3293,-0.03235425000000003
3294,-0.06516675000000005
3295,0.028270750000000122
3296,-0.03829174999999996
3297,-0.09422924999999993
3298,-0.03797925000000002
3299,-0.0186042500000001
3300,-0.09704175000000004
3301,-0.07204175000000013
3302,-0.05985425000000011
3303,0.025770749999999953
3304,-0.019229249999999976
3305,0.024208250000000042
3306,-0.04672924999999983
3307,-0.05547924999999987
3308,0.021083249999999776
3309,-0.018916749999999816
3310,0.047333250000000326
3311,0.05639575000000008
3312,-0.012979249999999887
3313,0.0042082500000000245
3314,0.023895750000000326
3315,0.10295825000000036
3316,0.06233325000000001
3317,0.11920825000000024
3318,0.17202075000000017
3319,0.14858325000000017
3320,0.19858325000000043
3321,0.2426457500000001
3322,0.27233324999999997
3323,0.30920824999999996
3324,0.21483324999999998
3325,0.25858325
3326,0.23077075000000002
3327,0.22733325000000004
3328,0.12858324999999993
3329,0.19264575000000006
3330,0.1067082500000005
3331,0.09327075000000029
3332,0.04108325000000024
3333,-0.0032917499999998157
3334,-0.0001667499999995492
3335,0.002958250000000273
3336,0.001395750000000362
3337,-0.021104250000000047
3338,-0.1042292499999995
3339,-0.05391674999999996
3340,-0.12641674999999974
3341,-0.15704174999999987
3342,-0.16641674999999978
3343,-0.14860425
3344,-0.17172925000000006
3345,-0.14329174999999994
3346,-0.18047924999999987
3347,-0.11235424999999999
3348,-0.08266675000000001
3349,-0.06672924999999996
3350,-0.09985424999999998
3351,-0.029854250000000013
3352,-0.011104250000000003
3353,0.049520749999999995
3354,0.047020749999999986
3355,0.02108325000000001
3356,0.09670825
3357,0.07670824999999998
3358,0.07795825
3359,0.09420825
3360,0.03608325000000001
3361,0.031395749999999945
3362,0.06389575000000003
3363,-0.013291750000000047
3364,-0.02016675000000001
3365,-0.07610424999999998
3366,0.03764575000000003
3367,-0.03141675000000005
3368,0.05327075000000003
3369,0.07545825
3370,0.09170825000000005
3371,0.06608324999999998
3372,0.11858324999999992
3373,0.17264574999999993
3374,0.13170824999999997
3375,0.06264574999999994
3376,0.09702074999999999
3377,0.06327075000000004
3378,0.10514574999999993
3379,0.02795824999999985
3380,0.036708249999999776
3381,0.06202074999999985
3382,-0.017666750000000286
3383,0.012020749999999913
3384,-0.00672925000000002
3385,0.006708249999999971
3386,-0.0036042500000000866
3387,0.004833250000000011
3388,-0.0020417500000000643
3389,0.0042082500000000245
3390,-0.0017292500000000155
3391,0.003583250000000038
3392,-0.0014167500000000222
3393,0.0035832499999999823
3394,-0.0014167499999999666
3395,0.0038957499999999756
3396,-0.002041750000000009
3397,0.004520750000000018
3398,-0.0029792500000000444
3399,0.0060832499999999845
3400,-0.005791749999999929
3401,0.012645749999999956
3402,-0.034229250000000044
3403,-0.08829175
3404,-0.07579174999999999
3405,-0.07829175000000005
3406,-0.08485425000000002
3407,-0.04891674999999995
3408,0.015770750000000028
3409,-0.008291749999999987
3410,0.008270749999999966
3411,-0.005166749999999998
3412,0.00702075000000002
3413,-0.00422924999999999
3414,0.006395750000000033
3415,-0.0042292500000000455
3416,0.006708249999999999
3417,-0.004541750000000011
3418,0.007020749999999992
3419,-0.005479250000000019
3420,0.008270749999999966
3421,-0.007354250000000034
3422,0.011395749999999982
3423,-0.012354250000000011
3424,0.021083249999999998
3425,-0.04766674999999998
3426,-0.050479249999999976
3427,0.009520749999999994
3428,0.005458249999999998
3429,-0.03422924999999999
3430,-0.06360425
3431,0.024520750000000008
3432,-0.014854250000000013
3433,0.013583249999999998
3434,-0.009854250000000002
3435,0.01139574999999999
3436,-0.008916750000000008
3437,0.011083249999999989
3438,-0.009854249999999995
3439,0.014520749999999999
3440,-0.017979250000000002
3441,0.04764574999999999
3442,0.05608324999999999
3443,-0.014229249999999999
3444,0.009833249999999988
3445,-0.005166749999999998
3446,0.00702075000000002
3447,-0.007666749999999972
3448,0.030770750000000013
3449,0.10108324999999999
3450,0.04264575000000001
3451,-0.007354250000000034
3452,0.005145750000000032
3453,-0.002041749999999981
3454,0.0032707500000000167
3455,-0.001104250000000001
3456,0.00358325000000001
3457,-0.0017292499999999877
3458,0.005458250000000026
3459,-0.0070417499999999855
3460,0.03233325000000001
3461,0.09577075000000004
3462,0.06983324999999999
3463,0.09483325000000001
3464,0.04483324999999999
3465,-0.008291749999999987
3466,0.005770749999999963
3467,-0.0023542499999999744
3468,0.0035832499999999823
3469,-0.0017292500000000155
3470,0.00358325000000001
3471,-0.0020417500000000227
3472,0.005145749999999991
3473,-0.004541749999999997
3474,0.011083249999999989
3475,-0.03235425
3476,-0.09016675
3477,-0.07266675
3478,-0.08297925
3479,-0.07579175000000002
3480,-0.08141675000000001
3481,-0.07735425
3482,-0.07985425
3483,-0.07922925
3484,-0.07672925
3485,-0.08547925
3486,-0.04891675000000001
3487,0.016083249999999993
3488,-0.008604250000000008
3489,0.009208249999999987
3490,-0.0061042500000000055
3491,0.007645749999999993
3492,-0.005479250000000005
3493,0.00795825
3494,-0.005791749999999998
3495,0.00858325
3496,-0.007354250000000007
3497,0.011083250000000003
3498,-0.013291750000000005
3499,0.03952074999999999
3500,0.08764575000000001
3501,0.08014574999999999
3502,0.07952075
3503,0.08389574999999999
3504,0.07702075
3505,0.08702075
3506,0.07295825
3507,0.09420825
3508,0.04358324999999999
3509,-0.005479249999999991
3510,0.0013957499999999873
3511,0.00452074999999999
3512,-0.00829175
3513,0.035145749999999996
3514,0.09077074999999998
3515,0.07764575
3516,0.08014574999999999
3517,0.08764575
3518,0.050145749999999996
3519,-0.012354250000000004
3520,0.008895749999999994
3521,-0.004229250000000004
3522,0.004833249999999997
3523,-0.0014167500000000083
3524,0.0026457499999999953
3525,0.001083249999999994
3526,-0.0007917500000000008
3527,0.007645749999999993
3528,-0.028916749999999998
3529,-0.09360425
3530,-0.06922925
3531,-0.08672925000000001
3532,-0.07172925000000001
3533,-0.08610425000000001
3534,-0.07047925000000001
3535,-0.09110425
3536,-0.04360425000000001
3537,0.01170824999999999
3538,-0.005479250000000005
3539,0.007020750000000006
3540,-0.008291750000000014
3541,0.03264575
3542,0.09545825
3543,0.07014574999999999
3544,0.09452075
3545,0.04514574999999997
3546,-0.00860424999999998
3547,0.0060832499999999845
3548,-0.00235425000000003
3549,0.0038957499999999756
3550,-0.0017292499999999877
3551,0.004208249999999997
3552,-0.0023542499999999744
3553,0.005458250000000026
3554,-0.004854250000000004
3555,0.011708250000000003
3556,-0.032979250000000015
3557,-0.08954175
3558,-0.07391675
3559,-0.08172924999999998
3560,-0.07797925
3561,-0.07735425000000001
3562,-0.08485424999999996
3563,-0.049229249999999974
3564,0.016395749999999987
3565,-0.009229249999999939
3566,0.009208250000000001
3567,-0.006416749999999999
3568,0.008895750000000008
3569,-0.007354249999999979
3570,0.010770749999999968
3571,-0.012979250000000025
3572,0.03889575000000001
3573,0.08795825000000002
3574,0.08014575000000002
3575,0.07827075000000006
3576,0.08858324999999995
3577,0.04952075
3578,-0.012041750000000018
3579,0.009208250000000029
3580,-0.004854249999999949
3581,0.0060832499999999845
3582,-0.00360424999999992
3583,0.005770749999999991
3584,-0.004229250000000018
3585,0.00702075000000002
3586,-0.007041750000000069
3587,0.013583250000000047
3588,-0.035166750000000024
3589,-0.08704174999999992
3590,-0.07672924999999992
3591,-0.07735424999999996
3592,-0.08579175000000006
3593,-0.04797925000000003
3594,0.014520750000000027
3595,-0.007041750000000013
3596,0.00702075000000002
3597,-0.0036042499999999755
3598,0.004833250000000011
3599,-0.0017292500000000155
3600,0.003270749999999989
3601,0.00014575000000005556
3602,0.00014575000000005556
3603,0.00608325000000004
3604,-0.027666750000000018
3605,-0.09547925000000002
3606,-0.06735425
3607,-0.08891674999999999
3608,-0.06922924999999996
3609,-0.08922924999999998
3610,-0.06735425
3611,-0.09516674999999997
3612,-0.03954174999999993
3613,0.00608325000000004
3614,0.0013957499999999734
3615,-0.0020417500000000643
3616,0.006395750000000033
3617,-0.006729249999999964
3618,0.014520750000000027
3619,-0.03672924999999999
3620,-0.08391674999999996
3621,-0.08360425000000002
3622,-0.04891675000000004
3623,0.014520749999999999
3624,-0.006416749999999999
3625,0.006083250000000012
3626,-0.0026667500000000233
3627,0.0038957500000000034
3628,-0.0011042499999999456
3629,0.002333249999999981
3630,0.0001457500000000278
3631,0.0013957500000000012
3632,0.0010832500000000078
3633,0.0001457499999999723
3634,0.0029582500000000234
3635,-0.0023542499999999744
3636,0.007333250000000041
3637,-0.01110425000000001
3638,0.04108324999999999
3639,0.06295825
3640,-0.02079174999999997
3641,0.01608325000000002
3642,-0.011416749999999976
3643,0.012645749999999983
3644,-0.010479249999999996
3645,0.013895749999999985
3646,-0.014229250000000027
3647,0.02233324999999997
3648,-0.04766675000000001
3649,-0.05141675000000001
3650,0.012645749999999997
3651,-0.0026667500000000094
3652,0.00014575000000000005
3653,0.008270749999999993
3654,-0.03047925
3655,-0.09141675
3656,-0.07204175000000002
3657,-0.08297925
3658,-0.07610425000000001
3659,-0.08047925
3660,-0.07922925
3661,-0.07641675
3662,-0.08610425000000001
3663,-0.04829175000000001
3664,0.014833249999999996
3665,-0.007666750000000007
3666,0.0073332499999999995
3667,-0.004229250000000004
3668,0.005770749999999998
3669,-0.0029792500000000097
3670,0.004833249999999997
3671,-0.002354250000000009
3672,0.004520749999999997
3673,-0.002041750000000009
3674,0.0038957499999999964
3675,-0.0017292500000000086
3676,0.003583249999999996
3677,-0.0014167500000000083
3678,0.003270749999999996
3679,-0.001104250000000008
3680,0.0029582499999999887
3681,-0.00016675000000000717
3682,0.001083249999999994
3683,0.004520749999999997
3684,-0.02422925
3685,-0.10297925
3686,-0.03641675000000001
3687,0.005458249999999984
3688,0.001083249999999994
3689,-0.00016675000000000717
3690,0.0029582499999999817
3691,-0.0014167500000000083
3692,0.0038957499999999895
3693,-0.002354250000000016
3694,0.005145749999999991
3695,-0.003291749999999996
3696,0.006395749999999992
3697,-0.006104249999999992
3698,0.012645749999999997
3699,-0.03391675000000001
3700,-0.08891675000000003
3701,-0.07391675000000003
3702,-0.08235425000000002
3703,-0.07610425000000001
3704,-0.08172925
3705,-0.07485424999999998
3706,-0.08672925000000004
3707,-0.04829175000000002
3708,0.016083249999999993
3709,-0.010166749999999974
3710,0.01233324999999999
3711,-0.013604250000000012
3712,0.03889574999999999
3713,0.08858325
3714,0.07889574999999997
3715,0.08139575
3716,0.08202074999999998
3717,0.07952075
3718,0.08295824999999998
3719,0.07827074999999999
3720,0.08452074999999999
3721,0.07702075
3722,0.08639575
3723,0.07389575000000001
3724,0.09327074999999999
3725,0.04514575
3726,-0.00766675
3727,0.004208249999999997
3728,0.0004582499999999934
3729,-0.00016675000000000717
3730,0.0038957499999999895
3731,-0.004541750000000011
3732,0.011708250000000003
3733,-0.03422925
3734,-0.08672925000000001
3735,-0.08047925
3736,-0.051729250000000004
3737,0.018270749999999992
3738,-0.01079175000000001
3739,0.01139574999999999
3740,-0.009541750000000002
3741,0.01514575
3742,-0.036104250000000004
3743,-0.08704175
3744,-0.07547925000000001
3745,-0.08047925
3746,-0.07797925000000001
3747,-0.07891675000000001
3748,-0.07922925
3749,-0.07797925
3750,-0.08047925
3751,-0.07547925000000001
3752,-0.08641675000000001
3753,-0.04797925000000001
3754,0.01577075
3755,-0.008916750000000001
3756,0.009833249999999988
3757,-0.007354250000000007
3758,0.010458250000000002
3759,-0.010791750000000003
3760,0.018583249999999996
3761,-0.04422925000000001
3762,-0.05516675000000001
3763,0.017645749999999995
3764,-0.008604250000000008
3765,0.007958249999999993
3766,-0.004541750000000004
3767,0.006708249999999992
3768,-0.005479250000000005
3769,0.011083249999999992
3770,-0.03172925000000001
3771,-0.09172925000000001
3772,-0.07047925000000002
3773,-0.08672925000000001
3774,-0.07016675
3775,-0.09172925000000001
3776,-0.04297925000000001
3777,0.010145750000000009
3778,-0.0026667500000000094
3779,0.0029582499999999956
3780,0.00014574999999998617
3781,0.0013957500000000012
3782,0.0017082499999999945
3783,0.00014575000000000005
3784,0.002333249999999995
3785,-0.00047924999999998663
3786,0.003270749999999989
3787,-0.0017292500000000155
3788,0.004208249999999969
3789,-0.0029792500000000166
3790,0.006395750000000006
3791,-0.006416749999999971
3792,0.012958250000000004
3793,-0.03485425
3794,-0.08735425
3795,-0.07610424999999998
3796,-0.07891674999999998
3797,-0.08110424999999999
3798,-0.07422925000000002
3799,-0.08860425000000002
3800,-0.04516674999999998
3801,0.011708249999999976
3802,-0.0036042500000000033
3803,0.0032707500000000167
3804,0.000770749999999959
3805,-0.0004792500000000144
3806,0.00452074999999999
3807,-0.005479250000000019
3808,0.014208250000000006
3809,-0.04016675
3810,-0.05891675000000002
3811,0.02045825000000001
3812,-0.010791750000000044
3813,0.010145750000000009
3814,-0.006104249999999978
3815,0.00702075000000002
3816,-0.003916750000000024
3817,0.005458249999999998
3818,-0.0026667499999999955
3819,0.004520750000000073
3820,-0.00172924999999996
3821,0.003583250000000038
3822,-0.0007917500000000355
3823,0.0026457499999999468
3824,0.00014574999999994454
3825,0.001395750000000029
3826,0.0017082500000000223
3827,-0.00079174999999998
3828,0.004833250000000011
3829,-0.007354249999999951
3830,0.03358325000000001
3831,0.09295825000000002
3832,0.07514575000000001
3833,0.08295825000000001
3834,0.08452075000000003
3835,0.05358325000000003
3836,-0.015791749999999993
3837,0.012958249999999949
3838,-0.008604250000000035
3839,0.009833250000000016
3840,-0.007354249999999951
3841,0.00983324999999996
3842,-0.008916750000000029
3843,0.01483325000000002
3844,-0.036104250000000004
3845,-0.08735425
3846,-0.07516674999999998
3847,-0.08110424999999996
3848,-0.07704174999999999
3849,-0.08141674999999995
3850,-0.07516674999999998
3851,-0.08672924999999995
3852,-0.047666750000000035
3853,0.014520750000000082
3854,-0.007354250000000007
3855,0.007645750000000007
3856,-0.004541750000000011
3857,0.006395750000000033
3858,-0.0036042499999999755
3859,0.005770750000000047
3860,-0.0032917500000000377
3861,0.005458249999999998
3862,-0.002979249999999989
3863,0.00514575000000006
3864,-0.002979249999999989
3865,0.00514575000000006
3866,-0.002979249999999989
3867,0.00514575000000006
3868,-0.00266674999999994
3869,0.004833250000000011
3870,-0.00266674999999994
3871,0.004833250000000011
3872,-0.00266674999999994
3873,0.004833250000000011
3874,-0.0029792499999999333
3875,0.0051457500000000045
3876,-0.0029792499999999333
3877,0.005458250000000053
3878,-0.0036042499999999755
3879,0.005770750000000047
3880,-0.003916749999999969
3881,0.006395750000000033
3882,-0.004541750000000011
3883,0.007333249999999958
3884,-0.00579175000000004
3885,0.00889574999999998
3886,-0.008916749999999973
3887,0.015770749999999945
3888,-0.03766674999999997
3889,-0.08454175000000003
3890,-0.07954174999999997
3891,-0.07454174999999996
3892,-0.08891675000000004
3893,-0.04454175000000005
3894,0.010458250000000058
3895,-0.00266674999999994
3896,0.0017082499999999667
3897,0.0032707500000000445
3898,-0.006416749999999971
3899,0.03233324999999998
3900,0.09420825000000005
3901,0.07327075
3902,0.08670824999999999
3903,0.07670824999999998
3904,0.08483325000000003
3905,0.07733325000000002
3906,0.08452075000000003
3907,0.07764574999999996
3908,0.08452075000000003
3909,0.07702075000000003
3910,0.08577074999999995
3911,0.07483324999999996
3912,0.09202075000000004
3913,0.04670825000000001
3914,-0.00954174999999996
3915,0.006708250000000082
3916,-0.002354250000000002
3917,0.003270749999999989
3918,0.00014575000000000005
3919,0.00108324999999998
3920,0.00202074999999996
3921,-0.002041750000000009
3922,0.009208250000000029
3923,-0.03141674999999994
3924,-0.08985425
3925,-0.07735424999999999
3926,-0.05547925000000001
3927,0.02233325
3928,-0.015166749999999979
3929,0.016083249999999966
3930,-0.014229249999999999
3931,0.01827075000000003
3932,-0.02204175
3933,0.05170825000000001
3934,0.05202074999999998
3935,-0.009541749999999988
3936,0.004520750000000018
3937,0.0010832500000000078
3938,-0.0007917500000000077
3939,0.005145749999999977
3940,-0.004541750000000011
3941,0.00889574999999998
3942,-0.009854249999999981
3943,0.01889574999999999
3944,-0.045166750000000006
3945,-0.053604250000000006
3946,0.014833250000000006
3947,-0.004541750000000011
3948,0.002020749999999988
3949,0.004520750000000004
3950,-0.009541750000000002
3951,0.040145749999999994
3952,0.06295825
3953,-0.019854250000000007
3954,0.014833249999999992
3955,-0.009229250000000008
3956,0.009833249999999988
3957,-0.006416750000000006
3958,0.008270749999999993
3959,-0.005479250000000005
3960,0.0073332499999999926
3961,-0.005479250000000005
3962,0.007645749999999993
3963,-0.0061042500000000055
3964,0.010145749999999995
3965,-0.012041750000000004
3966,0.03795824999999999
3967,0.08889575
3968,0.07827075
3969,0.08139574999999999
3970,0.08264574999999999
3971,0.07764574999999999
3972,0.08920825
3973,0.049208249999999995
3974,-0.012041750000000004
3975,0.009208249999999994
3976,-0.004854250000000004
3977,0.006395749999999999
3978,-0.0036042500000000033
3979,0.006083249999999998
3980,-0.0036042500000000033
3981,0.006395749999999999
3982,-0.004854250000000004
3983,0.00795825
3984,-0.007666750000000007
3985,0.014833249999999992
3986,-0.03704175000000001
3987,-0.08391675000000001
3988,-0.08360425
3989,-0.04891675000000001
3990,0.015458250000000007
3991,-0.007354250000000007
3992,0.007020750000000006
3993,-0.0039167500000000105
3994,0.0051457500000000045
3995,-0.0029792500000000166
3996,0.00452074999999999
3997,-0.0026667500000000094
3998,0.005458249999999984
3999,-0.004229250000000018
4000,0.010458250000000002
4001,-0.03110425
4002,-0.09297924999999999
4003,-0.06860425000000002
4004,-0.09204175000000003
4005,-0.04329175000000002
4006,0.011083249999999989
4007,-0.003916749999999997
4008,0.00452074999999999
4009,-0.0014167499999999944
4010,0.003270749999999961
4011,-0.00047924999999998663
4012,0.0026457499999999745
4013,-0.00047925000000004214
4014,0.0026457499999999745
4015,-0.00047925000000004214
4016,0.0026457499999999745
4017,-0.0011042500000000288
4018,0.00358325000000001
4019,-0.0020417500000000366
4020,0.006083250000000012
4021,-0.007979250000000021
4022,0.03358325000000001
4023,0.09389574999999994
4024,0.07295825000000003
4025,0.08764575
4026,0.07514575000000004
4027,0.08733325
4028,0.07327075000000002
4029,0.09327075000000001
4030,0.04545824999999998
4031,-0.008604250000000035
4032,0.005770749999999963
4033,-0.0017292500000000433
4034,0.002958249999999968
4035,-0.00016675000000002105
4036,0.0017082499999999667
4037,0.00045825000000002114
4038,0.0017082499999999667
4039,0.0007707500000000145
4040,0.0017082499999999945
4041,0.0004582499999999934
4042,0.002333249999999981
4043,-0.0017292499999999877
4044,0.007333250000000013
4045,-0.02797925000000004
4046,-0.09610425000000002
4047,-0.06485425000000003
4048,-0.09579175
4049,-0.03922925000000001
4050,0.006083249999999998
4051,0.0020207500000000017
4052,-0.00329175000000001
4053,0.010770749999999996
4054,-0.03297925
4055,-0.08922925000000001
4056,-0.07422925000000001
4057,-0.08079175
4058,-0.07891675000000001
4059,-0.07641675
4060,-0.08641675000000001
4061,-0.04766675000000001
4062,0.014208249999999995
4063,-0.006729250000000006
4064,0.006708249999999992
4065,-0.003291750000000003
4066,0.004833249999999997
4067,-0.002041750000000002
4068,0.0038957499999999964
4069,-0.001104250000000008
4070,0.003270749999999996
4071,-0.0007917500000000077
4072,0.0029582499999999956
4073,-0.00047925000000000745
4074,0.002333249999999995
4075,0.0004582499999999934
4076,0.0013957499999999942
4077,0.0013957499999999942
4078,-0.00016675000000000023
4079,0.006395749999999999
4080,-0.02579175000000001
4081,-0.10141675
4082,-0.038291750000000006
4083,0.0073332499999999995
4084,-0.0014167499999999944
4085,0.002020749999999988
4086,0.0004582499999999934
4087,0.0013957500000000012
4088,0.0007707499999999867
4089,0.0013957499999999873
4090,0.0007707499999999867
4091,0.0013957500000000012
4092,0.0004582499999999934
4093,0.002020749999999988
4094,0.00014575000000000005
4095,0.002333250000000009
4096,-0.0007917500000000077
4097,0.004208249999999997
4098,-0.0036042500000000033
4099,0.010145750000000009
4100,-0.03172925
4101,-0.09110425
4102,-0.07204175000000002
4103,-0.08391674999999998
4104,-0.07485425000000001
4105,-0.08235424999999999
4106,-0.07579174999999999
4107,-0.08172925
4108,-0.07641675
4109,-0.08141675000000001
4110,-0.07641675
4111,-0.08141675000000001
4112,-0.07641675
4113,-0.08110425000000002
4114,-0.07641674999999999
4115,-0.08172925
4116,-0.07610425000000001
4117,-0.08266675000000001
4118,-0.07360425000000001
4119,-0.08829175000000002
4120,-0.04641675000000001
4121,0.013895749999999998
4122,-0.007354250000000007
4123,0.008583249999999987
4124,-0.007354250000000007
4125,0.013583249999999991
4126,-0.03454175000000001
4127,-0.08829175
4128,-0.07516675000000002
4129,-0.08047925
4130,-0.07922925
4131,-0.07641675000000002
4132,-0.08641675
4133,-0.04797925000000001
4134,0.015145749999999993
4135,-0.007354250000000007
4136,0.007645749999999993
4137,-0.004541750000000011
4138,0.005770749999999991
4139,-0.00329175000000001
4140,0.005458249999999991
4141,-0.0029792500000000097
4142,0.0051457499999999975
4143,-0.0029792500000000097
4144,0.0051457499999999975
4145,-0.0026667500000000094
4146,0.004833249999999997
4147,-0.0029792500000000097
4148,0.005458249999999991
4149,-0.0036042500000000102
4150,0.006708249999999992
4151,-0.005166750000000005
4152,0.009208249999999994
4153,-0.011416750000000007
4154,0.03702075
4155,0.08983325
4156,0.07733324999999999
4157,0.08264574999999999
4158,0.08077074999999999
4159,0.08077074999999999
4160,0.08202075
4161,0.07952074999999999
4162,0.08295824999999998
4163,0.07827075
4164,0.08483325
4165,0.07514574999999998
4166,0.09139575
4167,0.04733324999999999
4168,-0.009854250000000009
4169,0.007020749999999992
4170,-0.0026667500000000094
4171,0.0038957499999999895
4172,-0.001104250000000001
4173,0.0026457499999999884
4174,-0.00016675000000000717
4175,0.002020749999999988
4176,0.00014574999999998617
4177,0.002020749999999988
4178,0.0004582499999999934
4179,0.0013957500000000012
4180,0.0007707500000000006
4181,0.0013957500000000012
4182,0.0007707500000000006
4183,0.0013957500000000012
4184,0.001083249999999994
4185,0.001083249999999994
4186,0.001083249999999994
4187,0.001083249999999994
4188,0.0013957500000000012
4189,0.0007707500000000006
4190,0.0017082499999999945
4191,0.0004582499999999934
4192,0.0020207500000000017
4193,-0.00016675000000000717
4194,0.002333249999999995
4195,-0.0007917500000000077
4196,0.003583249999999996
4197,-0.002041749999999995
4198,0.0060832499999999845
4199,-0.007979250000000007
4200,0.033583249999999995
4201,0.09358324999999999
4202,0.07358324999999998
4203,0.08733324999999999
4204,0.07452074999999998
4205,0.09045825
4206,0.050145749999999975
4207,-0.01766675000000001
4208,0.03827074999999999
4209,0.09077075000000001
4210,0.07577075000000003
4211,0.08514574999999999
4212,0.07764574999999999
4213,0.08420825000000001
4214,0.07764574999999999
4215,0.08452075
4216,0.07702075
4217,0.08577074999999998
4218,0.07452075
4219,0.09170824999999996
4220,0.04670824999999998
4221,-0.009854249999999981
4222,0.006708249999999999
4223,-0.0026667500000000233
4224,0.0038957500000000034
4225,-0.001104250000000001
4226,0.0029582500000000234
4227,-0.0004792500000000144
4228,0.002333249999999981
4229,-0.00016674999999996554
4230,0.002020749999999988
4231,-0.00016674999999996554
4232,0.002020749999999988
4233,0.0001457500000000278
4234,0.002020749999999988
4235,0.0001457500000000278
4236,0.0017082499999999945
4237,0.00045825000000002114
4238,0.0017082499999999945
4239,0.00045825000000002114
4240,0.0017082499999999945
4241,0.00045825000000002114
4242,0.0017082499999999945
4243,0.00045825000000002114
4244,0.002020749999999988
4245,0.0001457500000000278
4246,0.002020749999999988
4247,0.0001457500000000278
4248,0.002020749999999988
4249,0.0001457500000000278
4250,0.002020749999999988
4251,0.0001457500000000278
4252,0.002020749999999988
4253,0.0001457500000000278
4254,0.002020749999999988
4255,0.0001457500000000278
4256,0.002020749999999988
4257,0.0001457500000000278
4258,0.002020749999999988
4259,0.0001457500000000278
4260,0.002020749999999988
4261,0.0001457500000000278
4262,0.002333249999999981
4263,-0.00016674999999996554
4264,0.002333249999999981
4265,-0.00016674999999996554
4266,0.002333249999999981
4267,-0.0004792499999999589
4268,0.0026457499999999745
4269,-0.0007917499999999522
4270,0.002958249999999968
4271,-0.001104250000000001
4272,0.00358325000000001
4273,-0.0017292499999999877
4274,0.004208249999999997
4275,-0.0026667499999999678
4276,0.005770750000000019
4277,-0.005479249999999963
4278,0.01233324999999999
4279,-0.033604249999999974
4280,-0.08891675000000002
4281,-0.07422925
4282,-0.08141675000000001
4283,-0.07766674999999998
4284,-0.07922925
4285,-0.07922925
4286,-0.07766675000000003
4287,-0.08141674999999995
4288,-0.07422925
4289,-0.08797924999999998
4290,-0.04579174999999999
4291,0.012958250000000032
4292,-0.0051667500000000255
4293,0.005145750000000032
4294,-0.0017292499999999877
4295,0.0029582500000000234
4296,0.0001457499999999723
4297,0.0010832500000000078
4298,0.002333249999999981
4299,-0.002041749999999981
4300,0.008583249999999959
4301,-0.030479249999999986
4302,-0.09204174999999995
4303,-0.07079174999999996
4304,-0.08454175
4305,-0.07422925
4306,-0.08266674999999998
4307,-0.07610425000000001
4308,-0.08079175000000002
4309,-0.07829174999999997
4310,-0.07797924999999997
4311,-0.08454175
4312,-0.04985424999999999
4313,0.01702075000000003
4314,-0.009541750000000015
4315,0.009520750000000022
4316,-0.006416750000000027
4317,0.008270750000000049
4318,-0.005791749999999929
4319,0.007958250000000056
4320,-0.005791749999999984
4321,0.007958250000000056
4322,-0.005791749999999984
4323,0.008583249999999987
4324,-0.006729249999999964
4325,0.009833250000000016
4326,-0.008916750000000029
4327,0.013270749999999998
4328,-0.016104249999999987
4329,0.04264575000000004
4330,0.08264575000000002
4331,0.08920824999999999
4332,0.04733324999999999
4333,-0.008916749999999973
4334,0.00514575000000006
4335,-0.0001667499999999933
4336,0.0007707499999999867
4337,0.002333250000000009
4338,-0.0017292500000000155
4339,0.004833250000000067
4340,-0.004229249999999962
4341,0.00795825
4342,-0.00860424999999998
4343,0.017333250000000022
4344,-0.04360425000000001
4345,-0.05579175000000003
4346,0.017333249999999967
4347,-0.007979250000000104
4348,0.007020749999999909
4349,-0.002979249999999989
4350,0.0038957499999999756
4351,-0.000791750000000091
4352,0.0020207499999999046
4353,0.0007707500000000422
4354,0.0007707499999999312
4355,0.0020207500000000156
4356,-0.00047925000000004214
4357,0.003270749999999989
4358,-0.002354250000000002
4359,0.0060832499999999845
4360,-0.006104250000000033
4361,0.013583250000000047
4362,-0.03610424999999995
4363,-0.08454175000000008
4364,-0.08297925000000006
4365,-0.04891674999999995
4366,0.01483325000000002
4367,-0.00672925000000002
4368,0.005770749999999936
4369,-0.0020417499999999533
4370,0.002958250000000051
4371,0.00108324999999998
4372,-0.0014167500000000777
4373,0.008583250000000042
4374,-0.03016675000000002
4375,-0.09204175000000003
4376,-0.07110424999999998
4377,-0.0839167500000001
4378,-0.07516675000000006
4379,-0.08110424999999999
4380,-0.07829175
4381,-0.07735424999999996
4382,-0.08547925
4383,-0.048916750000000064
4384,0.015458250000000007
4385,-0.007979249999999993
4386,0.007958249999999945
4387,-0.004229250000000073
4388,0.005458249999999887
4389,-0.002354250000000113
4390,0.0035832499999999268
4391,-0.00047925000000004214
4392,0.00045824999999988236
4393,0.0060832499999999845
4394,-0.027666750000000073
4395,-0.09485425000000003
4396,-0.06797925000000005
4397,-0.08797924999999995
4398,-0.07079175000000004
4399,-0.08610425
4400,-0.07172924999999997
4401,-0.08579175000000006
4402,-0.07204175000000002
4403,-0.08579175000000006
4404,-0.07141675000000003
4405,-0.08735425000000008
4406,-0.06891674999999997
4407,-0.09329175
4408,-0.04110424999999995
4409,0.007958250000000056
4410,-0.0011042500000000288
4411,0.00108324999999998
4412,0.0020207500000000156
4413,-0.00079174999999998
4414,0.003583250000000038
4415,-0.0017292500000000155
4416,0.0042082500000000245
4417,-0.002666750000000051
4418,0.005458249999999998
4419,-0.004229250000000073
4420,0.007333249999999958
4421,-0.007354250000000007
4422,0.014520749999999971
4423,-0.03641675
4424,-0.08454174999999997
4425,-0.08266675000000001
4426,-0.04985424999999999
4427,0.016083249999999993
4428,-0.00860424999999998
4429,0.00889574999999998
4430,-0.005791749999999984
4431,0.008270749999999993
4432,-0.007354250000000007
4433,0.013895749999999985
4434,-0.034854249999999976
4435,-0.08797924999999995
4436,-0.07516674999999995
4437,-0.08016674999999995
4438,-0.07954174999999997
4439,-0.07610424999999998
4440,-0.08641675000000004
4441,-0.04766674999999998
4442,0.01483325000000002
4443,-0.007354250000000007
4444,0.007645750000000007
4445,-0.004541750000000011
4446,0.005770750000000047
4447,-0.003291749999999982
4448,0.00514575000000006
4449,-0.002979249999999989
4450,0.00514575000000006
4451,-0.0026667499999999955
4452,0.004833250000000067
4453,-0.0026667499999999955
4454,0.004833250000000067
4455,-0.0026667499999999955
4456,0.004833250000000067
4457,-0.0026667499999999955
4458,0.004833250000000067
4459,-0.0026667499999999955
4460,0.005458249999999998
4461,-0.0032917500000000377
4462,0.005458249999999998
4463,-0.003916749999999969
4464,0.00608325000000004
4465,-0.004541750000000011
4466,0.007333250000000013
4467,-0.006104249999999922
4468,0.009833250000000071
4469,-0.01047924999999994
4470,0.018895750000000044
4471,-0.044541749999999936
4472,-0.05485424999999999
4473,0.01639574999999993
4474,-0.007354249999999951
4475,0.006395749999999978
4476,-0.002666750000000051
4477,0.003895750000000031
4478,-0.0007917499999999245
4479,0.0023332500000000644
4480,0.00014575000000000005
4481,0.0017082500000000778
4482,0.0007707500000000422
4483,0.00108324999999998
4484,0.001395750000000029
4485,0.0007707499999999867
4486,0.0017082500000000223
4487,0.0004582499999999934
4488,0.0020207500000000156
4489,0.00014575000000005556
4490,0.002333250000000009
4491,-0.00047924999999998663
4492,0.0032707500000000445
4493,-0.00172924999999996
4494,0.0051457500000000045
4495,-0.006416749999999916
4496,0.03045825000000002
4497,0.10108325000000001
4498,0.04295825000000003
4499,-0.007666749999999972
4500,0.006083250000000012
4501,-0.0026667499999999678
4502,0.00452074999999999
4503,-0.002041749999999981
4504,0.004208249999999997
4505,-0.0020417500000000366
4506,0.0045207500000000456
4507,-0.002041749999999981
4508,0.00452074999999999
4509,-0.0026667499999999678
4510,0.005458250000000026
4511,-0.0036042500000000033
4512,0.006708249999999999
4513,-0.005479250000000019
4514,0.009208250000000001
4515,-0.009854249999999981
4516,0.01827075000000003
4517,-0.04391675000000003
4518,-0.05516674999999993
4519,0.01702075000000003
4520,-0.00766675
4521,0.006708250000000027
4522,-0.002666750000000051
4523,0.0038957499999999756
4524,-0.0004792499999999311
4525,0.00202074999999996
4526,0.00108324999999998
4527,0.00014575000000000005
4528,0.002958250000000051
4529,-0.002979249999999989
4530,0.009520749999999967
4531,-0.03110425
4532,-0.09141674999999996
4533,-0.07204175000000004
4534,-0.08297924999999998
4535,-0.07860425000000001
4536,-0.05985424999999997
4537,0.050145750000000044
4538,0.08170825000000004
4539,0.08420825000000004
4540,0.07545825
4541,0.09108324999999995
4542,0.04733324999999999
4543,-0.010479249999999968
4544,0.007645749999999979
4545,-0.0036042500000000033
4546,0.005145749999999977
4547,-0.0023542499999999744
4548,0.004208249999999997
4549,-0.0020417500000000366
4550,0.00452074999999999
4551,-0.0026667499999999678
4552,0.005145749999999977
4553,-0.003916749999999997
4554,0.007958249999999972
4555,-0.010479249999999968
4556,0.03608324999999998
4557,0.09108325000000003
4558,0.07639574999999996
4559,0.08358325000000003
4560,0.07952075
4561,0.08202075
4562,0.08077074999999997
4563,0.08077075000000003
4564,0.08170825000000001
4565,0.07983325
4566,0.08295824999999998
4567,0.07858325000000002
4568,0.08452074999999995
4569,0.07577074999999997
4570,0.09077075000000001
4571,0.04795824999999998
4572,-0.010166749999999974
4573,0.007333249999999986
4574,-0.003291749999999982
4575,0.004208249999999969
4576,-0.0014167499999999944
4577,0.0029582499999999956
4578,-0.00047924999999998663
4579,0.002333249999999981
4580,-0.0001667499999999933
4581,0.002020749999999988
4582,0.00014575000000000005
4583,0.0017082499999999945
4584,0.0007707500000000145
4585,0.0013957500000000012
4586,0.0007707500000000145
4587,0.0013957500000000012
4588,0.0010832500000000078
4589,0.0007707499999999867
4590,0.0013957500000000012
4591,0.0007707499999999867
4592,0.0013957500000000012
4593,0.0007707499999999867
4594,0.002020749999999988
4595,0.00014575000000000005
4596,0.002020749999999988
4597,0.00014575000000000005
4598,0.002333249999999981
4599,-0.00047924999999998663
4600,0.0026457499999999745
4601,-0.00079174999999998
4602,0.002958249999999968
4603,-0.0014167500000000222
4604,0.003895750000000031
4605,-0.002354250000000002
4606,0.0051457500000000045
4607,-0.004541749999999983
4608,0.008270749999999993
4609,-0.010791750000000017
4610,0.03733325000000001
4611,0.08920824999999999
4612,0.07920825
4613,0.07920825
4614,0.08827075
4615,0.04983324999999998
4616,-0.012041750000000004
4617,0.008583249999999987
4618,-0.0039167500000000105
4619,0.005145749999999991
4620,-0.002041750000000009
4621,0.003583249999999996
4622,-0.0007917500000000077
4623,0.0026457499999999884
4624,-0.00016675000000000717
4625,0.0017082499999999945
4626,0.0007707500000000006
4627,0.001083249999999994
4628,0.002020749999999988
4629,-0.0004792500000000144
4630,0.003583249999999996
4631,-0.00329175000000001
4632,0.010145749999999995
4633,-0.03172925
4634,-0.09110425
4635,-0.07235425000000001
4636,-0.08360425
4637,-0.07547925
4638,-0.08172925
4639,-0.07704175
4640,-0.08016675000000001
4641,-0.07797925
4642,-0.07891675000000001
4643,-0.08016675000000001
4644,-0.07579175000000002
4645,-0.08641674999999999
4646,-0.04766675
4647,0.014833249999999996
4648,-0.007041750000000006
4649,0.0073332499999999995
4650,-0.004229250000000004
4651,0.005458249999999998
4652,-0.0029792500000000097
4653,0.004833249999999997
4654,-0.002354250000000009
4655,0.004520749999999997
4656,-0.002041750000000009
4657,0.0038957499999999964
4658,-0.0017292500000000086
4659,0.004208249999999997
4660,-0.0017292500000000086
4661,0.0038957499999999964
4662,-0.002041750000000009
4663,0.0038957499999999964
4664,-0.002041750000000009
4665,0.004208249999999997
4666,-0.0026667500000000094
4667,0.005458249999999991
4668,-0.005166750000000005
4669,0.011395749999999996
4670,-0.03235425000000001
4671,-0.09079175
4672,-0.07141675
4673,-0.08516675000000001
4674,-0.07172925
4675,-0.08985425000000001
4676,-0.04485425
4677,0.012020749999999997
4678,-0.005166750000000012
4679,0.005145749999999977
4680,-0.002041750000000009
4681,0.0038957499999999895
4682,-0.0014167500000000083
4683,0.003270749999999989
4684,-0.0007917500000000077
4685,0.0029582499999999956
4686,-0.0004792500000000144
4687,0.0026457499999999884
4688,-0.0004792500000000144
4689,0.002333249999999995
4690,-0.00016675000000000717
4691,0.002333249999999995
4692,-0.00016675000000000717
4693,0.002333249999999995
4694,-0.00016675000000000717
4695,0.002020749999999988
4696,0.00014574999999998617
4697,0.002020749999999988
4698,0.0004582499999999934
4699,0.0013957500000000012
4700,0.0004582499999999934
4701,0.00108324999999998
4702,0.0017082499999999945
4703,-0.00016675000000000717
4704,0.003583249999999996
4705,-0.005479250000000005
4706,0.030770749999999993
4707,0.09733324999999998
4708,0.06827074999999999
4709,0.09608324999999998
4710,0.04358324999999999
4711,-0.007041750000000006
4712,0.00420824999999999
4713,-0.0004792500000000005
4714,0.0020207499999999948
4715,0.0004582499999999934
4716,0.0013957499999999942
4717,0.0007707499999999937
4718,0.001083249999999994
4719,0.001083249999999994
4720,0.0013957499999999942
4721,0.0007707499999999937
4722,0.0013957499999999942
4723,0.0004582499999999934
4724,0.0017082499999999945
4725,0.0001457499999999931
4726,0.002333249999999995
4727,-0.00047925000000000745
4728,0.003270749999999996
4729,-0.002041750000000009
4730,0.005770749999999998
4731,-0.0061042500000000055
4732,0.014208249999999992
4733,-0.03985425
4734,-0.05954175000000002
4735,0.021708249999999985
4736,-0.012354249999999997
4737,0.011708250000000003
4738,-0.00829175
4739,0.009833250000000002
4740,-0.007354250000000007
4741,0.009520749999999994
4742,-0.007666750000000014
4743,0.010770749999999996
4744,-0.01047925000000001
4745,0.017333249999999994
4746,-0.039541750000000014
4747,-0.08172925
4748,-0.08579175
4749,-0.04672925
4750,0.012958250000000004
4751,-0.004854250000000032
4752,0.004833249999999983
4753,-0.0014167499999999944
4754,0.002958249999999968
4755,-0.00047924999999998663
4756,0.002020749999999988
4757,0.00045825000000002114
4758,0.0013957499999999734
4759,0.00045825000000002114
4760,0.0017082499999999667
4761,0.0007707500000000145
4762,0.0017082499999999667
4763,0.000770749999999959
4764,0.0017082500000000223
4765,-0.00016675000000002105
4766,0.0029582499999999956
4767,-0.0026667499999999955
4768,0.00889574999999998
4769,-0.03016675000000002
4770,-0.09297924999999999
4771,-0.06985425
4772,-0.08641675000000001
4773,-0.07204174999999999
4774,-0.08579175
4775,-0.07172925
4776,-0.08672925000000001
4777,-0.06954174999999996
4778,-0.09266675000000002
4779,-0.041416749999999974
4780,0.008270749999999966
4781,-0.0007917499999999522
4782,0.000770749999999959
4783,0.00264575000000003
4784,-0.0017292499999999877
4785,0.005458250000000026
4786,-0.005479250000000019
4787,0.012333250000000046
4788,-0.033916749999999996
4789,-0.08829174999999997
4790,-0.07547924999999997
4791,-0.07985425000000002
4792,-0.08016675000000001
4793,-0.07516675000000003
4794,-0.08735425
4795,-0.04641675000000001
4796,0.01327074999999997
4797,-0.005479249999999991
4798,0.005145749999999977
4799,-0.0017292500000000155
4800,0.0026457499999999745
4801,0.00108324999999998
4802,-0.0007917500000000077
4803,0.007645750000000007
4804,-0.02891675000000002
4805,-0.09360425
4806,-0.06922924999999999
4807,-0.08704174999999997
4808,-0.07141674999999997
4809,-0.08672924999999995
4810,-0.06985425
4811,-0.09204174999999998
4812,-0.04235424999999998
4813,0.009833249999999988
4814,-0.0023542499999999744
4815,0.002958249999999968
4816,0.0001457500000000278
4817,0.0013957500000000012
4818,0.0010832500000000078
4819,0.0007707500000000145
4820,0.0013957500000000012
4821,0.00045825000000002114
4822,0.002020749999999988
4823,0.0001457499999999723
4824,0.0020207500000000433
4825,-0.00016674999999996554
4826,0.002333250000000009
4827,-0.0004792499999999311
4828,0.002958250000000051
4829,-0.0014167500000000222
4830,0.0038957499999999756
4831,-0.0023542499999999467
4832,0.005770749999999991
4833,-0.005479250000000047
4834,0.012645750000000011
4835,-0.03516674999999997
4836,-0.08610424999999994
4837,-0.08110425000000004
4838,-0.05172925000000006
4839,0.017645750000000016
4840,-0.01047924999999994
4841,0.010458250000000002
4842,-0.00766675
4843,0.009833250000000016
4844,-0.009229249999999967
4845,0.015145750000000013
4846,-0.03641675000000005
4847,-0.08641675000000004
4848,-0.07672925000000008
4849,-0.07922925000000003
4850,-0.07985425000000002
4851,-0.07704175000000002
4852,-0.08204174999999991
4853,-0.07391674999999998
4854,-0.08829175
4855,-0.04610425000000007
4856,0.01295825000000006
4857,-0.005479250000000047
4858,0.005770750000000047
4859,-0.002666750000000051
4860,0.004520750000000073
4861,-0.0020417500000000643
4862,0.0042082500000000245
4863,-0.0017292500000000155
4864,0.0042082500000000245
4865,-0.002354250000000002
4866,0.005458249999999998
4867,-0.004229250000000073
4868,0.008583249999999931
4869,-0.011104250000000038
4870,0.03764574999999992
4871,0.08795825000000002
4872,0.08358325
4873,0.052958249999999985
4874,-0.015166749999999951
4875,0.011708250000000031
4876,-0.0076667500000000555
4877,0.008895750000000036
4878,-0.007041750000000013
4879,0.010458250000000002
4880,-0.012041750000000018
4881,0.037333249999999985
4882,0.08983325000000003
4883,0.07670824999999992
4884,0.08389575000000005
4885,0.07858325
4886,0.08389575000000005
4887,0.07702074999999997
4888,0.08889575
4889,0.04983325000000005
4890,-0.012979249999999942
4891,0.010145750000000064
4892,-0.006416750000000027
4893,0.007645750000000062
4894,-0.005479250000000047
4895,0.007645750000000062
4896,-0.006104249999999978
4897,0.009208250000000029
4898,-0.008916749999999973
4899,0.015458250000000062
4900,-0.03704175000000004
4901,-0.08547925
4902,-0.07797924999999994
4903,-0.07735424999999996
4904,-0.08297925000000006
4905,-0.07235424999999995
4906,-0.09079175000000006
4907,-0.04235424999999993
4908,0.007333249999999958
4909,0.004520749999999962
4910,-0.027666749999999962
4911,-0.09391675
4912,-0.06985425
4913,-0.08579175000000006
4914,-0.07297924999999994
4915,-0.08422925000000003
4916,-0.07360425000000004
4917,-0.08422925000000003
4918,-0.07204175000000002
4919,-0.08985424999999991
4920,-0.04485425000000004
4921,0.012333249999999962
4922,-0.005166749999999942
4923,0.005770749999999991
4924,-0.002979249999999989
4925,0.004833250000000011
4926,-0.00266674999999994
4927,0.005145749999999949
4928,-0.0032917500000000377
4929,0.005770749999999991
4930,-0.004854250000000004
4931,0.00889574999999998
4932,-0.011416749999999976
4933,0.03764575000000003
4934,0.08889575000000005
4935,0.07920825000000004
4936,0.07920825000000004
4937,0.08858325000000006
4938,0.04952075
4939,-0.011729249999999969
4940,0.008270749999999993
4941,-0.003916749999999969
4942,0.004833250000000011
4943,-0.0017292500000000155
4944,0.0032707499999999334
4945,-0.00047925000000004214
4946,0.00202074999999996
4947,0.0007707500000000422
4948,0.0007707499999999867
4949,0.0026457500000000023
4950,-0.0023542500000000577
4951,0.00889574999999998
4952,-0.030479250000000013
4953,-0.09235425
4954,-0.07047925000000002
4955,-0.08516674999999999
4956,-0.07360425000000001
4957,-0.08360424999999996
4958,-0.07454174999999999
4959,-0.08297924999999998
4960,-0.07516674999999998
4961,-0.08266674999999998
4962,-0.07516674999999998
4963,-0.08297925000000003
4964,-0.07454174999999999
4965,-0.08422924999999995
4966,-0.07235424999999998
4967,-0.08954175
4968,-0.04547924999999994
4969,0.013895750000000012
4970,-0.009854249999999981
4971,0.03170825000000005
4972,0.10045825000000003
4973,0.042958249999999976
4974,-0.007041749999999958
4975,0.004833250000000067
4976,-0.0011042500000000288
4977,0.0026457500000000578
4978,-0.0001667500000000488
4979,0.0020207500000000156
4980,0.0004582500000000489
4981,0.0017082499999999667
4982,0.0007707499999999867
4983,0.0013957499999999734
4984,0.0004582500000000489
4985,0.001395750000000029
4986,0.0007707500000000422
4987,0.001395750000000029
4988,0.0007707500000000422
4989,0.001395750000000029
4990,0.0004582500000000489
4991,0.0017082500000000223
4992,0.00014575000000005556
4993,0.002333250000000009
4994,-0.00047924999999998663
4995,0.0032707499999999334
4996,-0.0029792500000000444
4997,0.009208250000000029
4998,-0.03016675000000002
4999,-0.09360424999999994
