,DOWNSTREAM,DOWNSTREAM STD
0,-0.007413194444444441,0.04377774486766424
1,-0.009201388888888884,0.04721614544233889
2,-0.009027777777777773,0.04295797072987032
3,-0.008159722222222214,0.049408929192511525
4,-0.009861111111111112,0.03331318111897199
5,-0.0075868055555555515,0.025842531451260992
6,-0.010434027777777775,0.025331384178564068
7,-0.00675347222222222,0.025356216298130167
8,-0.01170138888888888,0.02531254762988965
9,-0.0030208333333333302,0.028079051973352347
10,-0.0014062499999999943,0.04098984805081822
11,0.00256944444444444,0.035745950193650095
12,-0.003975694444444441,0.03967995411033513
13,0.006579861111111109,0.03602848871294831
14,-0.019149305555555555,0.04398224635360743
15,-0.04026041666666666,0.055000616513274446
16,-0.028923611111111112,0.04481010064258689
17,-0.02906249999999999,0.050357338543045436
18,-0.017986111111111112,0.052025616167944815
19,-0.008454861111111114,0.05661997082444732
20,-0.004513888888888894,0.055679808966475536
21,-0.002916666666666668,0.05798585121365575
22,-0.007395833333333334,0.05428912439686036
23,0.0014583333333333323,0.060428249608063644
24,-0.02291666666666667,0.045852742102663095
25,-0.0471875,0.039401996917810024
26,-0.04701388888888888,0.04032625495069888
27,-0.02824652777777778,0.04109254710017115
28,-0.0009548611111111147,0.06589548031032123
29,0.00675347222222222,0.04354479889163707
30,0.045538194444444444,0.04079316231345194
31,0.0290625,0.039082494882619764
32,0.038697916666666665,0.040981641013673555
33,0.016458333333333332,0.028842882871882122
34,0.022517361111111106,0.03966308744769484
35,0.01022569444444444,0.02586435585959248
36,0.011406250000000003,0.026998314070949152
37,0.005624999999999998,0.023524376024904706
38,0.013125000000000001,0.02838708901801428
39,0.0013541666666666632,0.015645819462932156
40,0.005503472222222222,0.013261991301870736
41,0.007326388888888882,0.026225646404254514
42,0.012482638888888887,0.027123862347779037
43,0.00015624999999999667,0.01584985774230762
44,0.015416666666666672,0.016454047437738022
45,0.04638888888888888,0.046617955211173595
46,0.036267361111111104,0.0358137168057023
47,0.04274305555555555,0.043450681897183686
48,0.03746527777777777,0.03688189802608012
49,0.04251736111111111,0.04328378480120264
50,0.03696180555555555,0.036096689327700465
51,0.04494791666666667,0.04610410665194166
52,0.023975694444444445,0.02246375493937023
53,-0.009114583333333329,0.010900358564757297
54,-0.0073611111111111065,0.02954557123023665
55,-0.010069444444444436,0.022570432670672446
56,-0.007968749999999993,0.027092596572910844
57,-0.009600694444444436,0.023523639289457846
58,-0.008229166666666662,0.026488663717816257
59,-0.009427083333333326,0.023908065472096555
60,-0.00824652777777778,0.02620307041936128
61,-0.009444444444444443,0.024174871890898574
62,-0.008454861111111111,0.026018421338333417
63,-0.009357638888888884,0.024373769605302676
64,-0.008350694444444435,0.02572385352436036
65,-0.009340277777777767,0.02476405344402234
66,-0.008229166666666655,0.02504661452782702
67,-0.009999999999999995,0.026519573156758517
68,-0.005208333333333315,0.016504089876115215
69,0.0014236111111111116,0.005808375013134903
70,-0.0011979166666666562,0.004744159878354532
71,0.0015104166666666703,0.0055161635124272145
72,-0.003975694444444445,0.01258469809943242
73,-0.009947916666666657,0.02681765725135939
74,-0.008315972222222214,0.02496419721235918
75,-0.009253472222222215,0.02474328675984223
76,-0.008784722222222215,0.025851154993658854
77,-0.008958333333333325,0.024246008405737856
78,-0.008888888888888884,0.026258311808705633
79,-0.00885416666666667,0.0239528979341633
80,-0.008923611111111111,0.026592756914114977
81,-0.008888888888888884,0.02352165959904211
82,-0.009010416666666663,0.027311190932905342
83,-0.009045138888888884,0.02245811886836718
84,-0.006684027777777771,0.03186804439510954
85,0.005468750000000005,0.03407480186876856
86,0.00871527777777778,0.022268750119108255
87,0.009670138888888884,0.02773738925760556
88,0.007708333333333338,0.02333333333333333
89,0.010659722222222223,0.027921503174187685
90,0.0059201388888888914,0.028066001433033585
91,0.014600694444444444,0.051992817758572
92,-0.011510416666666669,0.04252453463598331
93,-0.044618055555555564,0.05889752786476056
94,-0.025486111111111112,0.06452326021817326
95,-0.0578125,0.06162759178683233
96,-0.07208333333333333,0.05998607332586087
97,-0.07131944444444444,0.05899352560142344
98,-0.07074652777777778,0.05979921000696884
99,-0.06946180555555556,0.0562040519854858
100,-0.05614583333333333,0.0436639779308986
101,-0.05407986111111111,0.03667709253736723
102,-0.05185763888888889,0.03956063935831982
103,-0.05751736111111111,0.03345882501166568
104,-0.06300347222222222,0.0348868363540017
105,-0.06199652777777778,0.03237273742779058
106,-0.061944444444444455,0.0343916556170279
107,-0.06246527777777777,0.03211897521205867
108,-0.06154513888888889,0.03555586496854302
109,-0.06526041666666667,0.0280566782039549
110,-0.07444444444444445,0.026024276601051274
111,-0.05894097222222223,0.033023484858200294
112,-0.00855902777777778,0.03876275816083448
113,0.011041666666666661,0.028788093724277368
114,0.010763888888888892,0.02536671624806562
115,0.02081597222222222,0.037972591953668165
116,0.012916666666666663,0.026456077659753132
117,0.008315972222222218,0.027666623307431998
118,0.009184027777777774,0.029020679828965747
119,0.008350694444444438,0.051105381741266
120,0.011753472222222224,0.043228933092854034
121,0.02053819444444445,0.05347574224074223
122,0.012934027777777773,0.05061418982757707
123,0.008940972222222222,0.06281320298190861
124,0.005989583333333336,0.054566657161537045
125,-0.0022743055555555537,0.053032579490016975
126,0.002343749999999995,0.0552354738712788
127,-0.007309027777777772,0.04842967442260771
128,-0.020694444444444446,0.05486603353444158
129,-0.015746527777777783,0.03977600298283999
130,-0.019444444444444438,0.034251443912746586
131,-0.016059027777777783,0.03448076199873079
132,-0.01840277777777777,0.030997572305129454
133,0.001493055555555553,0.016159455125997774
134,-0.01657986111111111,0.018393152946896626
135,-0.045572916666666664,0.04458628421893205
136,-0.03713541666666668,0.03799988720971931
137,-0.041684027777777785,0.041123429935740814
138,-0.03927083333333334,0.03945951027811786
139,-0.03770833333333333,0.04149770429560599
140,-0.02855902777777778,0.04951075076252301
141,-0.032951388888888884,0.04594803618568467
142,-0.029513888888888888,0.048274504228294816
143,-0.032413194444444446,0.04630624929181892
144,-0.029809027777777778,0.048091521870189294
145,-0.032621527777777784,0.04672651701611796
146,-0.02727430555555556,0.048579854162199024
147,-0.020364583333333335,0.05288592549489315
148,-0.026250000000000002,0.05397260911538577
149,-0.03149305555555556,0.06251298090505526
150,-0.03418402777777778,0.06072685627474155
151,-0.039131944444444455,0.07052849197977622
152,-0.027795138888888887,0.0706623604646706
153,-0.03204861111111111,0.07085402747816487
154,-0.012881944444444444,0.05681397018972654
155,-0.021423611111111112,0.061471416529589755
156,-0.007968749999999998,0.05682749943328738
157,0.028628472222222222,0.05098073945359502
158,0.020902777777777777,0.053151636387013375
159,0.0184375,0.04968094820535668
160,0.016059027777777776,0.05211739916031247
161,0.022656250000000003,0.045458964678246415
162,0.0240625,0.03295356581616017
163,0.016336805555555556,0.0360759419085239
164,0.01612847222222222,0.02869997513959058
165,0.00555555555555555,0.02329762789778351
166,0.011944444444444445,0.029040754176907668
167,0.0033506944444444513,0.014069753359145686
168,0.00041666666666666935,0.0033850160019316513
169,-0.0009375000000000078,0.002088535172475358
170,0.0012326388888888908,0.0016746949291467632
171,-0.0014583333333333393,0.0015059200307084347
172,0.001840277777777781,0.0014616364708228615
173,-0.0023263888888888917,0.001611126077516692
174,0.003437500000000003,0.0021750638560230316
175,-0.00598958333333334,0.00433544870242849
176,0.020190972222222228,0.017839325222720904
177,0.05618055555555556,0.05617535127316589
178,0.04467013888888889,0.04134228841560471
179,0.051909722222222225,0.05262106668389209
180,0.04836805555555555,0.04285474846109332
181,0.06496527777777777,0.0596426613948118
182,0.04003472222222222,0.039228797253428725
183,0.010086805555555557,0.0297051858057454
184,0.009184027777777777,0.0241606356718666
185,0.00888888888888889,0.0269296968876346
186,0.008489583333333332,0.02301264230220351
187,0.010017361111111112,0.028746314721197815
188,0.005069444444444446,0.014498097469906648
189,-0.0008854166666666698,0.00410402125376915
190,-3.472222222222765e-05,0.003277343721260245
191,0.0005729166666666695,0.003955934031616302
192,-0.0035069444444444514,0.010604328111264666
193,-0.010277777777777788,0.029199923169715432
194,-0.008385416666666676,0.02303243721499095
195,-0.009062500000000001,0.027193086909993214
196,-0.009461805555555553,0.023939259970193826
197,-0.005381944444444446,0.030008598947676133
198,0.001388888888888884,0.03899441597508103
199,-0.0004687500000000039,0.03814836630266754
200,1.7361111111113825e-05,0.03670016110765636
201,0.0007638888888888869,0.04028035192923729
202,-0.0039062500000000035,0.030675314748113563
203,-0.009270833333333329,0.02643125254525618
204,-0.011336805555555553,0.026128149222809746
205,0.005694444444444457,0.03342882733380847
206,0.037256944444444454,0.048430281222337446
207,0.011684027777777783,0.05673375498728744
208,0.042986111111111114,0.03945087792311244
209,0.06473958333333334,0.03417178728142479
210,0.061684027777777775,0.033012311414948856
211,0.062239583333333334,0.033159090489910246
212,0.06159722222222222,0.03457735404022175
213,0.06640625,0.02948822924596355
214,0.06279513888888888,0.03175707902788743
215,0.004982638888888892,0.040945115945279435
216,-0.005052083333333334,0.017942765027728524
217,-0.001145833333333339,0.008101595564729483
218,0.005069444444444442,0.011587133835625244
219,0.005729166666666664,0.03278967460065236
220,-0.0010937499999999975,0.03810909418886564
221,0.0003125000000000003,0.03984562223270093
222,-0.002031249999999995,0.03124379278630575
223,-0.01279513888888888,0.02479483352983796
224,-0.0021527777777777743,0.028239521641871494
225,-0.002829861111111106,0.042204404049355625
226,0.00899305555555556,0.031079666959323567
227,0.017708333333333333,0.03666385524259553
228,0.02223958333333333,0.03183621176177024
229,0.02565972222222222,0.04083052829556656
230,0.030902777777777782,0.03634832941569294
231,0.009583333333333336,0.04336387145103885
232,-0.01581597222222222,0.0584781627400995
233,-1.7361111111113825e-05,0.054444447212478674
234,-0.006302083333333333,0.05913311934061477
235,-0.008385416666666663,0.05109948362324711
236,-0.028055555555555556,0.054329738062002496
237,-0.017638888888888885,0.050473584243684554
238,-0.02673611111111111,0.05374598481270628
239,-0.016874999999999998,0.04995646976646546
240,-0.02970486111111111,0.05563245816712418
241,-0.0025000000000000005,0.04221835291572453
242,0.017690972222222226,0.027979395260159367
243,0.009045138888888887,0.027955211306960662
244,0.021059027777777774,0.034412722182546346
245,0.016163194444444445,0.03470638961949982
246,0.016909722222222225,0.02809525604835876
247,0.002638888888888885,0.02771542480959913
248,0.0006597222222222213,0.0416094514577792
249,-0.0008159722222222283,0.035346612531578774
250,0.0008333333333333387,0.03965796144849102
251,-0.0010243055555555595,0.03625835116261681
252,0.0010590277777777803,0.039050295161237696
253,-0.0010069444444444561,0.036615369472883956
254,0.001145833333333346,0.03860158630519965
255,-0.0011805555555555527,0.037127132893795885
256,0.0014583333333333393,0.0378662668699552
257,-0.0019097222222222224,0.038622506561812944
258,0.0045486111111111074,0.03185528771977859
259,0.009270833333333329,0.024549986210111535
260,0.009131944444444443,0.026284401142909038
261,0.008368055555555556,0.024400039568438368
262,0.009618055555555557,0.026348722172204568
263,0.00795138888888889,0.024175470339303496
264,0.010000000000000002,0.02664081592062575
265,0.007274305555555551,0.02338531355664805
266,0.011232638888888886,0.028501810718212645
267,0.003524305555555555,0.015117381272285086
268,0.0013020833333333322,0.0063175601968068155
269,-0.007031249999999999,0.014301688814660629
270,-0.020659722222222225,0.03943817805271034
271,-0.013923611111111102,0.0265353664974562
272,-0.0050000000000000044,0.028502862916634255
273,0.0033159722222222375,0.04353408263407988
274,0.01369791666666667,0.03959926351596636
275,0.018194444444444444,0.033172881333121455
276,0.01784722222222222,0.03325411956402387
277,0.017447916666666667,0.033757433916369525
278,0.018211805555555557,0.03267843072406004
279,0.017100694444444443,0.03420408988911629
280,0.01850694444444444,0.032142727010808496
281,0.017152777777777777,0.03561218837749163
282,0.016493055555555552,0.02768689559856436
283,0.004201388888888897,0.025637747130590444
284,0.015399305555555555,0.02621314491875471
285,-0.00951388888888889,0.03056226252148389
286,-0.034930555555555555,0.051252599395837935
287,-0.030590277777777786,0.04566135928624206
288,-0.02934027777777778,0.048160598405872494
289,-0.03810763888888889,0.046024515119603364
290,-0.025937500000000002,0.024653413528578777
291,0.007569444444444434,0.00690850072955391
292,-0.004583333333333332,0.004042418314985886
293,0.003350694444444441,0.0029532775819553847
294,-0.002881944444444444,0.0024574405943361814
295,0.002309027777777778,0.0019630342759801305
296,-0.001996527777777774,0.0016768532738454423
297,0.001840277777777774,0.0015759452385986426
298,-0.0016145833333333325,0.0014367827316805973
299,0.0014583333333333323,0.0013217268271301596
300,-0.0014583333333333323,0.0013217268271301596
301,0.0013368055555555598,0.0012578122004638869
302,-0.0013715277777777736,0.001346689649888677
303,0.0012500000000000011,0.0013176156917368259
304,-0.0013194444444444495,0.0014417041313907425
305,0.001388888888888891,0.0015942000393401397
306,-0.0013715277777777736,0.0017712587996505495
307,0.001545138888888884,0.002316326184845037
308,-0.0020659722222222225,0.003684525178485697
309,0.004618055555555556,0.011017345243711655
310,0.009305555555555556,0.028221777083923892
311,0.009131944444444443,0.02386952643125684
312,0.008333333333333331,0.025704272707405412
313,0.00961805555555555,0.025257904848388496
314,0.007812499999999993,0.02436453657185195
315,0.010364583333333333,0.027506756193428596
316,0.0046006944444444454,0.01554765773279307
317,-0.00032986111111111063,0.005929702685552052
318,-0.0024131944444444504,0.011924151548128984
319,-0.013802083333333336,0.029412330372675148
320,-0.018663194444444437,0.03441944815037103
321,-0.01715277777777778,0.03334389300332647
322,-0.018611111111111106,0.03305322120609072
323,-0.016250000000000007,0.0343478428078905
324,-0.022361111111111102,0.032771009188150985
325,-0.024444444444444442,0.042779102387500455
326,-0.015364583333333324,0.05272420812488162
327,-0.019427083333333334,0.04863526495657069
328,-0.01621527777777778,0.05196537568479351
329,-0.019461805555555562,0.04844744583771473
330,-0.015624999999999993,0.05320021228158357
331,-0.022743055555555558,0.04308693413027798
332,-0.026440972222222223,0.037791566015475016
333,-0.029184027777777767,0.037320917719182715
334,-0.01355902777777777,0.04154632868473199
335,0.027447916666666673,0.0612602962221794
336,0.003923611111111103,0.03931118371071588
337,-0.022482638888888892,0.03320033235350948
338,-0.015381944444444448,0.03350906729026608
339,-0.019461805555555555,0.03324562117998018
340,-0.016857638888888877,0.03322124256063245
341,-0.01609375,0.03614932289831919
342,-0.005503472222222219,0.04870915521931975
343,-0.012118055555555556,0.04309436255148851
344,-0.005468749999999998,0.04816289205401752
345,-0.012951388888888894,0.041673075317335544
346,-0.001614583333333336,0.044879063234879106
347,-0.0034895833333333376,0.034727399787587675
348,0.006996527777777782,0.042112348043481726
349,-0.02220486111111111,0.03404935274788868
350,-0.05130208333333333,0.05389799655013214
351,-0.036076388888888894,0.05489170428634801
352,-0.04177083333333333,0.055562542963362965
353,-0.04024305555555556,0.05491565063270743
354,-0.03406250000000001,0.05679032539991101
355,-0.018680555555555554,0.06735706602974778
356,-0.02423611111111111,0.06206630973101706
357,-0.02064236111111111,0.06709598679044439
358,-0.025086805555555557,0.059819226875910354
359,-0.03673611111111111,0.06402863452969815
360,-0.03664930555555556,0.06393269416502251
361,-0.03048611111111111,0.06043033450124282
362,-0.029583333333333336,0.06031591815299581
363,-0.03755208333333333,0.06072481134325253
364,-0.026579861111111106,0.043422193573936084
365,0.008836805555555553,0.041053272147681924
366,-0.008298611111111114,0.029664871167836223
367,-0.0071180555555555615,0.028191579287917053
368,-0.007881944444444448,0.015365044327673058
369,0.0038194444444444413,0.004638114331543491
370,-0.0031770833333333408,0.0031461954813622834
371,0.002881944444444444,0.0025506066211398565
372,-0.0026562499999999954,0.002268466847956517
373,0.002430555555555561,0.00210549554663827
374,-0.0024305555555555677,0.0021054955466382683
375,0.0024131944444444435,0.002267403649422304
376,-0.0026215277777777816,0.002670283372770588
377,0.0031076388888888924,0.003978119711502309
378,-0.005555555555555564,0.011265207485499681
379,-0.008333333333333338,0.02802063971432487
380,-0.010173611111111112,0.024166716554865488
381,-0.007361111111111103,0.025379118059689426
382,-0.01062500000000001,0.025550790241095175
383,-0.007031250000000006,0.024002280798018857
384,-0.011111111111111106,0.027916709853476815
385,-0.004027777777777783,0.014864436933147054
386,3.472222222221377e-05,0.003934810712030017
387,0.0005902777777777729,0.0023173019046477204
388,-0.0008680555555555594,0.0018267981163841538
389,0.0009722222222222215,0.0016300964714313212
390,-0.0011111111111111183,0.001566738079538677
391,0.0012847222222222288,0.0016433554953054503
392,-0.0013020833333333391,0.0018288593610499408
393,0.0015798611111111117,0.002371873449673366
394,-0.0020138888888888914,0.0037212763101580086
395,0.004722222222222225,0.01098496095960066
396,0.00914930555555555,0.028349376117541954
397,0.009461805555555557,0.023548995346073975
398,0.0076388888888888895,0.026611519764607558
399,0.012638888888888887,0.025866960267639766
400,0.019218750000000003,0.03490628730227789
401,0.016666666666666666,0.03387066905483596
402,0.01815972222222222,0.028459791493742254
403,-0.008072916666666662,0.031139082671428453
404,-0.03741319444444444,0.05221502159743425
405,-0.02699652777777778,0.04477120885633492
406,-0.03465277777777778,0.04921055254584411
407,-0.027638888888888886,0.04592370614688488
408,-0.03470486111111111,0.048336753675474395
409,-0.026805555555555558,0.047041089497164575
410,-0.03833333333333333,0.045233168101823006
411,-0.03708333333333333,0.03643272910447418
412,-0.045538194444444444,0.045832836829171
413,-0.02246527777777777,0.022554161492223203
414,0.00479166666666667,0.005191639914323799
415,-0.002031250000000002,0.0026398595619737913
416,0.0010590277777777733,0.0018196067834701604
417,-0.0005208333333333384,0.0014014191715701794
418,0.0001736111111111105,0.0011702985796078285
419,5.208333333332413e-05,0.0010429679372135835
420,-0.0002083333333333312,0.0009827063679225638
421,0.0003993055555555451,0.0009069415199034019
422,-0.0006250000000000006,0.0009199750902424849
423,0.0006249999999999936,0.0009199750902424849
424,-0.00074652777777778,0.0009497971782354126
425,0.0010416666666666768,0.0010045469542701003
426,-0.0010763888888888906,0.0010886399587910346
427,0.0013020833333333322,0.0011979166666666679
428,-0.001493055555555553,0.001348367211038027
429,0.0017187499999999946,0.0014959798558692797
430,-0.0019791666666666707,0.0017274087449767705
431,0.002465277777777771,0.002211890042865691
432,-0.0033680555555555547,0.0030610745611853053
433,0.0047743055555555525,0.0046884322632615005
434,-0.009930555555555557,0.012211761622042096
435,0.008385416666666663,0.03289032602463746
436,0.03307291666666667,0.05211293429664986
437,0.018263888888888895,0.05186414526475116
438,0.02427083333333334,0.05273868938112596
439,0.021701388888888885,0.05167960420830004
440,0.01923611111111111,0.05326780461486708
441,0.01423611111111112,0.053828393073254245
442,0.02557291666666667,0.051691468551463546
443,0.019652777777777766,0.05270986584655407
444,0.024600694444444442,0.05122753207915178
445,0.019392361111111128,0.05347499823692418
446,0.02770833333333334,0.048569265223035396
447,0.030086805555555554,0.0475668623843027
448,0.03590277777777778,0.04858578209158125
449,0.03546875,0.06112287065281112
450,0.01472222222222221,0.06072817402784454
451,0.014635416666666661,0.053885714687622294
452,0.01171875000000001,0.05537614531202091
453,0.015208333333333334,0.055280220493208757
454,0.01065972222222222,0.05402665085585648
455,0.017916666666666668,0.05784430431483006
456,-0.0026041666666666748,0.04541762231410476
457,-0.03593749999999998,0.037037659138293884
458,-0.0337673611111111,0.0418050400542691
459,-0.037343749999999995,0.03966716041578208
460,-0.03159722222222222,0.03898532499801197
461,-0.025138888888888884,0.0363450953077867
462,-0.028888888888888867,0.041227532578550365
463,-0.019427083333333334,0.028911880082343893
464,-0.005954861111111109,0.02551859518719501
465,-0.010694444444444437,0.025950999573388787
466,-0.007447916666666662,0.02378156026224824
467,-0.010607638888888871,0.02805130627370614
468,-0.004670138888888887,0.01492256932729522
469,0.00104166666666667,0.0038905936243714785
470,-0.0005555555555555522,0.002394826680627831
471,0.0004166666666666624,0.0018369991758904597
472,-0.00048611111111111077,0.0016835802670000916
473,0.0007291666666666696,0.001923560970064521
474,-0.001545138888888884,0.0029323836616382947
475,0.004531249999999997,0.010032634466593396
476,0.006753472222222227,0.031822045284184246
477,-0.002447916666666664,0.039865802720658976
478,0.001892361111111112,0.03644560376316005
479,-0.002031249999999995,0.040217001710253095
480,0.004427083333333335,0.031219125373118644
481,0.009565972222222222,0.02368667061196621
482,0.008697916666666663,0.02663455301037545
483,0.008906250000000001,0.023785210102457696
484,0.008749999999999994,0.026654456840169236
485,0.009131944444444443,0.0235609147795011
486,0.00826388888888889,0.027388549059757898
487,0.011909722222222224,0.023879146511491655
488,0.020277777777777777,0.03836232046126563
489,0.013194444444444446,0.025232330940508807
490,0.008333333333333331,0.027751376342244515
491,0.008888888888888894,0.02311003227650251
492,0.009131944444444443,0.02729396371447199
493,0.00840277777777778,0.022684641905815085
494,0.009895833333333333,0.028887052559157973
495,0.005208333333333336,0.014092175478691082
496,-0.0013541666666666632,0.0032609324671871946
497,0.000798611111111118,0.001693220186143973
498,-0.0005902777777777798,0.0012098091243183569
499,0.000451388888888897,0.000989431031164932
500,-0.00041666666666666935,0.0009882117688026193
501,0.0003125000000000003,0.0010416666666666675
502,-0.00027777777777777957,0.0010969145138146755
503,0.00019097222222222085,0.0013785421896600927
504,-0.0002604166666666692,0.0018641177258513833
505,0.0005034722222222211,0.0031580524434118417
506,-0.0026215277777777747,0.010603091633093809
507,-0.01394097222222222,0.03004249357552298
508,-0.018246527777777775,0.034353076798346864
509,-0.017690972222222223,0.033622950630844826
510,-0.017430555555555553,0.032836227458694696
511,-0.018576388888888892,0.035062757200702746
512,-0.014253472222222226,0.028869230966969455
513,-0.00736111111111111,0.02336591433974067
514,-0.010156249999999995,0.02869905094552102
515,-0.005538194444444432,0.014511656277645387
516,0.002222222222222226,0.004254145354900005
517,-0.00255208333333333,0.0039256462887940135
518,0.00467013888888889,0.005846777868111907
519,-0.016631944444444442,0.017375410777629347
520,-0.0436111111111111,0.04702478640318775
521,-0.024427083333333335,0.046406717637000335
522,-0.03932291666666666,0.05034583630755322
523,-0.03479166666666665,0.0569027519289123
524,-0.031579861111111114,0.06215551524465011
525,-0.030104166666666664,0.05894195149325592
526,-0.03182291666666667,0.06260687476810488
527,-0.03258680555555555,0.05556350040847631
528,-0.04414930555555556,0.057357519497625804
529,-0.03350694444444444,0.0496099757242233
530,-0.03260416666666666,0.04832435261393116
531,-0.028506944444444446,0.04635551912300822
532,-0.03494791666666667,0.04866626645276365
533,-0.023263888888888886,0.04687004860680562
534,-0.02989583333333333,0.05470128794441478
535,-0.016163194444444435,0.033164253071785194
536,0.015677083333333338,0.027529232017101182
537,0.0048784722222222285,0.023964930905197603
538,0.011927083333333331,0.02705412086409696
539,0.006284722222222226,0.023111127804481147
540,0.011822916666666669,0.028676356843927674
541,0.003541666666666665,0.014494146926911181
542,0.000347222222222221,0.004082335242719616
543,-0.0009027777777777801,0.002894050876953456
544,0.0014062500000000012,0.002864583333333335
545,-0.0024999999999999953,0.003837237595082057
546,0.0059201388888888914,0.010531900234532909
547,0.005972222222222219,0.029829319316656583
548,0.02404513888888889,0.02796258510234184
549,0.05628472222222223,0.053342781642833945
550,0.04380208333333333,0.043063090878465105
551,0.05342013888888888,0.05134227721376018
552,0.04206597222222223,0.04049379706561111
553,0.041788194444444454,0.041845165257416835
554,0.03749999999999999,0.03817534244552802
555,0.04321180555555554,0.04206319205973148
556,0.03574652777777777,0.03737321433061393
557,0.04659722222222223,0.04471188253921565
558,0.021180555555555553,0.024105651143507184
559,-0.002934027777777775,0.007495035168682262
560,-0.0016319444444444497,0.0070476702984605104
561,0.014409722222222227,0.017594267707774586
562,0.04781249999999999,0.045671114442768355
563,0.034687499999999996,0.03634356937234182
564,0.04435763888888889,0.04346040965375702
565,0.03720486111111111,0.03778055816591295
566,0.061562500000000006,0.054812357468457786
567,0.036388888888888894,0.043510532906015205
568,0.0033333333333333375,0.04889401803901987
569,0.008611111111111108,0.044786606087942674
570,-0.0034201388888888858,0.0585522744154044
571,0.00024305555555555886,0.04638710856114638
572,-0.01649305555555556,0.047849993872311494
573,-0.015746527777777793,0.049891933877819095
574,-0.02060763888888888,0.052593385056647776
575,-0.012170138888888894,0.04527818051648595
576,-0.009878472222222223,0.04807211412395393
577,-0.004687499999999997,0.039031654488162974
578,0.000746527777777773,0.040737443064796805
579,-0.0023611111111111124,0.029419333828829285
580,-0.012447916666666673,0.028263979533365433
581,-0.0026736111111111092,0.015076203361364223
582,-0.002013888888888888,0.004906042350327795
583,0.004756944444444442,0.005403183896475838
584,-0.01671875,0.016545211758030042
585,-0.04552083333333333,0.045978109412402865
586,-0.037152777777777785,0.03661630787914884
587,-0.041510416666666675,0.04240725301769668
588,-0.03944444444444444,0.03828908728667887
589,-0.03774305555555557,0.04293493689224846
590,-0.028715277777777777,0.048182109973003644
591,-0.03289930555555555,0.047253771247247466
592,-0.02954861111111111,0.04714795784152844
593,-0.03248263888888889,0.047535448238307604
594,-0.029618055555555557,0.047083743033287946
595,-0.03319444444444444,0.047765335710373606
596,-0.02640625,0.04756919416499448
597,-0.022395833333333334,0.054176381340385674
598,-0.01887152777777778,0.05121729339254039
599,-0.012222222222222218,0.05672225452986347
600,-0.011076388888888887,0.05403200631481604
601,-0.0017013888888888912,0.057300020434734464
602,-0.006927083333333334,0.05681451396778672
603,-0.0014756944444444427,0.055065440625258394
604,-0.008975694444444446,0.060205252007689614
605,0.009322916666666669,0.043994388106846465
606,0.03032986111111111,0.04082781534546623
607,0.025138888888888888,0.03432733788896555
608,0.02725694444444444,0.03899627101613153
609,0.026996527777777776,0.039480559959045466
610,0.02331597222222222,0.03324910238072945
611,0.01689236111111111,0.03592111223910806
612,0.015347222222222227,0.027223174409367463
613,0.006562499999999999,0.026470428665777215
614,0.010451388888888892,0.023732226130280434
615,0.0078125,0.028181270868748585
616,0.0075868055555555584,0.015014390361267577
617,-0.0065451388888888885,0.01056173578669397
618,-0.00559027777777777,0.03289653407411647
619,0.002482638888888885,0.038314430379792055
620,-0.006874999999999999,0.04052257387007341
621,-0.021302083333333336,0.053720139678877
622,-0.015225694444444441,0.04893592190449411
623,-0.020503472222222225,0.05171884324522571
624,-0.012795138888888887,0.04862725736314219
625,-0.0064930555555555575,0.03897358708111348
626,0.004305555555555559,0.041941354397767555
627,-0.011493055555555558,0.03434019000662865
628,-0.047586805555555556,0.04338686166505647
629,-0.0840625,0.022008028049125872
630,-0.062170138888888886,0.02432608879703569
631,-0.035416666666666666,0.0401245889560116
632,-0.041701388888888885,0.04197312071617168
633,-0.03979166666666667,0.037690776299454956
634,-0.03710069444444444,0.043994579936099606
635,-0.029322916666666664,0.046851875082911276
636,-0.03184027777777779,0.04899520872896718
637,-0.03097222222222222,0.04521240007737006
638,-0.030347222222222223,0.0502227988420991
639,-0.033298611111111105,0.043902786565432
640,-0.02423611111111111,0.05371862196010997
641,-0.035486111111111114,0.04138226142408106
642,-0.07126736111111111,0.03256844958946104
643,-0.05336805555555556,0.03405271195305925
644,-0.05640625,0.03901959449225834
645,-0.049999999999999996,0.03731610000314133
646,-0.05717013888888889,0.03840720805895018
647,-0.046753472222222224,0.036844846853797394
648,-0.04628472222222223,0.041594584640919516
649,-0.04128472222222222,0.03958482575159263
650,-0.049895833333333334,0.040642624382127034
651,-0.026927083333333338,0.04494984787276507
652,-0.0012326388888888873,0.05670250783494833
653,-0.020694444444444446,0.057486746996563594
654,0.0021354166666666674,0.04406659383070444
655,0.018038194444444444,0.027890575018542894
656,0.00526041666666667,0.026816038762200383
657,0.011597222222222214,0.023681344683821288
658,0.006822916666666668,0.028188248712032273
659,0.008697916666666673,0.014808620712133638
660,-0.005243055555555556,0.003892762207998927
661,0.00572916666666666,0.002538762001448738
662,-0.008350694444444442,0.003495106877792347
663,0.021284722222222222,0.014124819047240358
664,0.03659722222222223,0.051961303803680636
665,0.04368055555555554,0.035339922297943596
666,0.08006944444444444,0.023720183118841186
667,0.06272569444444445,0.02800665796096968
668,0.06416666666666668,0.03424596995754877
669,0.06034722222222222,0.033587877214199965
670,0.06371527777777776,0.03260364897234247
671,0.06071180555555555,0.03432822030905755
672,0.0636284722222222,0.03179373131280592
673,0.060451388888888895,0.03579276746679556
674,0.06635416666666666,0.02672742914591675
675,0.07197916666666666,0.027141364111505768
676,0.07064236111111111,0.0239652327525415
677,0.07178819444444444,0.026845066816176284
678,0.06993055555555557,0.0242143377601697
679,0.07411458333333332,0.02823017564310002
680,0.0561111111111111,0.03291851626894453
681,-0.001979166666666669,0.04670582899173887
682,-0.018923611111111127,0.03213760666197588
683,-0.018506944444444447,0.036587354378060766
684,-0.014045138888888892,0.027180609005014726
685,-0.007812500000000003,0.02626818153415099
686,-0.009409722222222215,0.025069540627700993
687,-0.008680555555555552,0.02539073035353261
688,-0.008663194444444442,0.0254733413455992
689,-0.009600694444444436,0.025058050128728252
690,-0.005503472222222219,0.028863216632974333
691,0.0016145833333333394,0.039933246437109826
692,-0.0010243055555555595,0.03694816857404545
693,0.0006944444444444489,0.03803803200558652
694,-0.00074652777777778,0.03780878925905112
695,0.0006770833333333386,0.0373669877722785
696,-0.00074652777777778,0.03854717568861139
697,0.0008506944444444421,0.03641720977670482
698,-0.0011805555555555527,0.04027258407606321
699,0.0038194444444444517,0.030363208508676385
700,0.010104166666666671,0.025538259356742036
701,0.008159722222222221,0.02473029187118403
702,0.009670138888888888,0.026185119932577883
703,0.008003472222222228,0.02356081883390788
704,0.010225694444444444,0.02817507223945136
705,0.004861111111111115,0.014775600951827792
706,-0.0006597222222222213,0.0037454962667116108
707,-0.00026041666666666227,0.002180668897443575
708,0.0007465277777777869,0.0014551262685972399
709,-0.0019097222222222154,0.0011871750692554704
710,0.004479166666666673,0.0023958333333333344
711,-0.017048611111111108,0.012837130045037714
712,-0.04348958333333334,0.0517242045629859
713,-0.05038194444444445,0.019074892248049303
714,-0.09152777777777779,0.0026122559546950027
715,-0.07090277777777779,0.0008954025665435859
716,-0.0889236111111111,0.001098561945802527
717,-0.06977430555555555,0.0016918845930146216
718,-0.09480902777777778,0.002970373987266317
719,-0.03927083333333334,0.010011928649255236
720,0.018125000000000002,0.029626765359965376
721,0.0054513888888888876,0.022882128856110708
722,0.011875,0.029004945998245043
723,0.02430555555555556,0.03397215905213533
724,0.021440972222222226,0.043663249668619813
725,0.02125,0.05228969534796825
726,0.0012152777777777787,0.053367694099838624
727,-0.025086805555555557,0.06732824450554391
728,-0.008350694444444445,0.06663571918046884
729,-0.016631944444444446,0.06648327277905007
730,-0.010555555555555554,0.06776580538042785
731,-0.018125000000000002,0.06424677088729397
732,-0.02328125,0.06510910397945086
733,-0.021180555555555557,0.06312547747649758
734,-0.024270833333333332,0.06631188147685149
735,-0.016388888888888883,0.05869578821028424
736,-0.018263888888888892,0.056861760346806484
737,-0.011354166666666669,0.04114016311140895
738,0.03736111111111111,0.028128129112625733
739,0.050208333333333334,0.05702751604975931
740,0.04559027777777777,0.037386531005393964
741,0.03864583333333334,0.0443775674139912
742,0.03847222222222223,0.03857865467393358
743,0.02737847222222223,0.051151575849645206
744,0.03649305555555555,0.04623762920557745
745,0.03977430555555555,0.05925735837925271
746,0.04064236111111111,0.052046911454903824
747,0.03918402777777778,0.05734723998697957
748,0.041354166666666664,0.05307922864820935
749,0.03611111111111111,0.05744271964085314
750,0.029843750000000002,0.061330751226500925
751,0.03210069444444444,0.06026019658879753
752,0.029687499999999995,0.0612596541427916
753,0.035538194444444435,0.05828176715919227
754,0.03836805555555556,0.051296721965575734
755,0.02791666666666667,0.04505434122473043
756,0.0351736111111111,0.05206439470490033
757,0.01835069444444444,0.028546951600797982
758,-0.005277777777777779,0.00811557204669281
759,0.004184027777777773,0.006140657150121597
760,-0.006510416666666664,0.011923443767834954
761,-0.007204861111111106,0.028007174533107262
762,-0.012031250000000004,0.024178842568480997
763,-0.003142361111111113,0.025758980748795575
764,-0.026718750000000003,0.028696782342978414
765,-0.05107638888888889,0.0564851587392052
766,-0.033072916666666674,0.054128817906466314
767,-0.030572916666666665,0.06441546142819242
768,-0.033420138888888895,0.05861080513101412
769,-0.02171875000000001,0.06186555150221819
770,-0.023871527777777776,0.04448064728323251
771,-0.0670138888888889,0.03478655498598862
772,-0.05381944444444445,0.03334416418367725
773,-0.05618055555555555,0.04049653239232304
774,-0.050069444444444444,0.03578129632996084
775,-0.05694444444444444,0.04023147482205972
776,-0.04703125,0.03503412429976507
777,-0.045694444444444454,0.04278404817409849
778,-0.04262152777777778,0.036983588187672375
779,-0.046406249999999996,0.04352225569121376
780,-0.046232638888888886,0.03146565729834387
781,-0.07435763888888888,0.03840127474077939
782,-0.030208333333333337,0.025776988284126598
783,0.01732638888888888,0.027050505389382057
784,0.004809027777777777,0.023925507151522654
785,0.01144097222222222,0.026627400063172307
786,0.007152777777777775,0.023912521619449033
787,0.010364583333333337,0.026921844267893725
788,0.007673611111111114,0.0232420606549345
789,0.010277777777777778,0.028840980908837868
790,0.005329861111111108,0.014970483191754327
791,-0.0038368055555555655,0.012200316247197683
792,-0.01305555555555555,0.029153188023157608
793,-0.019270833333333338,0.03560809174775681
794,-0.016423611111111115,0.0323454226993367
795,-0.019461805555555562,0.03483215669668972
796,-0.015156249999999996,0.03261003175415419
797,-0.022621527777777775,0.03565044456964201
798,-0.0010069444444444423,0.037416219425273935
799,0.027621527777777776,0.05536623830319747
800,0.02171875000000001,0.049519857172050465
801,0.036006944444444446,0.044559908609050285
802,0.025937500000000002,0.05319603094530017
803,0.044201388888888894,0.03359955896517573
804,0.06866319444444445,0.034688251611532245
805,0.04852430555555555,0.0387922324681755
806,0.02696180555555556,0.06736546243463068
807,0.03302083333333332,0.05738448919956022
808,0.032586805555555556,0.060934900724083065
809,0.04088541666666666,0.049544830332473755
810,0.024895833333333336,0.0465708885061258
811,0.038593749999999996,0.05027272086006099
812,0.012222222222222221,0.03524574086649896
813,-0.01286458333333333,0.025813216713886228
814,-0.007309027777777775,0.02574395216382126
815,-0.009409722222222222,0.02502730472638402
816,-0.008611111111111111,0.025573547221991556
817,-0.008732638888888897,0.02489005167833434
818,-0.009010416666666663,0.025545322009371887
819,-0.008680555555555552,0.024827870002439287
820,-0.009288194444444436,0.025546926617250682
821,-0.008368055555555552,0.02482109500667218
822,-0.009149305555555553,0.025591485017882897
823,-0.0084375,0.02469431164818687
824,-0.009166666666666663,0.02578372252453517
825,-0.008906250000000008,0.024603683755492347
826,-0.00633680555555555,0.02858189940287524
827,0.002447916666666664,0.041121201751735614
828,-0.001892361111111119,0.03571936700859352
829,0.00012152777777777943,0.04229822646284363
830,-0.019253472222222224,0.04196600016960563
831,-0.026649305555555555,0.03581331283550655
832,-0.028298611111111115,0.04116972173399185
833,-0.02222222222222222,0.03045604059871567
834,-0.015868055555555552,0.04209487717541863
835,0.0002083333333333312,0.03814178819804395
836,0.010052083333333333,0.020888014177626417
837,0.009513888888888895,0.030214299378934415
838,0.005104166666666667,0.01350194494734411
839,-0.0008680555555555594,0.0035638940309134113
840,-0.0003125000000000003,0.003808855270579631
841,0.003229166666666672,0.010962273531171454
842,0.01048611111111111,0.02847071896438103
843,0.008038194444444448,0.023443704168555506
844,0.009531249999999998,0.026255838057812123
845,0.007847222222222228,0.024723051250144748
846,0.01232638888888889,0.026807129703347556
847,0.01965277777777778,0.03540086793593179
848,0.01590277777777778,0.03281909472235731
849,0.022083333333333337,0.03383525112585985
850,0.027395833333333335,0.03930784065304981
851,0.02633680555555556,0.03735240130431111
852,0.026944444444444444,0.03813148219534064
853,0.026284722222222223,0.03793238697824438
854,0.027065972222222224,0.038135975607202145
855,0.025590277777777778,0.04155817762728074
856,0.029687500000000002,0.05656106121558658
857,0.012725694444444446,0.055066228823203556
858,-0.024722222222222222,0.07181714828244602
859,-0.01810763888888889,0.07745241540272854
860,-0.026649305555555558,0.06821793844916348
861,-0.017135416666666667,0.0648367215066367
862,-0.029461805555555554,0.060372092532969344
863,-0.002743055555555556,0.04221649666497186
864,0.01838541666666667,0.029619668487083417
865,0.005798611111111105,0.024583823755309073
866,0.010746527777777782,0.028338912381345227
867,0.005329861111111112,0.015431606015474249
868,-0.002031249999999995,0.0059221750327101575
869,0.0021006944444444398,0.006063006096032287
870,-0.004548611111111104,0.012736147082828154
871,-0.011597222222222228,0.029518872128324877
872,-0.02151041666666665,0.034240305869062335
873,-0.012916666666666663,0.03398532286353756
874,-0.027309027777777776,0.034223964101875316
875,-0.010555555555555547,0.04335493196149433
876,0.021354166666666678,0.059513544501791076
877,0.022986111111111117,0.0660237737181665
878,0.01756944444444445,0.06365167693062176
879,0.015520833333333338,0.06547560707261735
880,-0.0012326388888888803,0.04205915046488614
881,-0.03446180555555555,0.04170906769088404
882,-0.02119791666666665,0.03389184601880665
883,-0.03253472222222222,0.043819870903894165
884,-0.013767361111111102,0.020753616292512034
885,0.0025694444444444436,0.004473780137549878
886,-0.001145833333333332,0.0022726483572157725
887,0.000798611111111111,0.0016245399396235551
888,-0.0007638888888888903,0.001583957601105145
889,0.0008333333333333318,0.0016989069198229277
890,-0.0010069444444444492,0.0022427437863826605
891,0.001267361111111108,0.002998249312355996
892,-0.0018055555555555568,0.004228134566635769
893,0.0034722222222222203,0.007074817866171977
894,-0.012239583333333335,0.021458396541169045
895,-0.03715277777777778,0.051434277534329144
896,-0.025034722222222215,0.04826727356237415
897,-0.04798611111111112,0.0361808221359341
898,-0.07725694444444445,0.025517975085596736
899,-0.06690972222222222,0.025729986679090464
900,-0.07487847222222221,0.02525502281091395
901,-0.06723958333333332,0.02507070080916168
902,-0.07572916666666667,0.026058328003410604
903,-0.06336805555555555,0.02616420245238016
904,-0.06484374999999999,0.03530101368006701
905,-0.03270833333333333,0.04320493798938574
906,-0.013680555555555557,0.05900134211959573
907,-0.02612847222222222,0.04606371301085542
908,-0.03708333333333333,0.047003412073250365
909,-0.037500000000000006,0.03628963948605411
910,-0.04607638888888888,0.045419201742873866
911,-0.0209375,0.024173176206627598
912,0.0007638888888888903,0.009262766986039018
913,0.013993055555555547,0.01852192170697025
914,0.04701388888888888,0.04472951383363348
915,0.036944444444444446,0.037622132647806346
916,0.03873263888888889,0.0426570413823392
917,0.028593749999999998,0.04881653334630993
918,0.03166666666666666,0.04577399093948197
919,0.03347222222222222,0.05028185411652062
920,0.016684027777777773,0.03505810202303545
921,-0.016319444444444442,0.027624119273989174
922,-0.004166666666666669,0.02519670875222485
923,-0.014270833333333337,0.027604756283011164
924,-0.020173611111111107,0.03630521749715091
925,-0.003906249999999993,0.037705779436995976
926,0.030746527777777775,0.054920548959502546
927,0.016250000000000007,0.051232741843527704
928,0.027170138888888896,0.05198516500775474
929,0.01756944444444445,0.05262525933926304
930,0.026892361111111113,0.05099492675251724
931,0.017083333333333322,0.05409319937616927
932,0.03010416666666666,0.0480909421333974
933,0.028767361111111105,0.0474147709673208
934,0.05953125,0.023992333211911448
935,0.08340277777777777,0.006584692048021989
936,0.0790625,0.004273373228492917
937,0.07993055555555555,0.0038181816094142447
938,0.08065972222222222,0.00484334551278069
939,0.07687499999999999,0.01206176235510844
940,0.06685763888888888,0.02891267237629623
941,0.060885416666666664,0.034949158572071995
942,0.06328124999999998,0.03259139293171077
943,0.06093749999999999,0.03406361491549467
944,0.06375000000000001,0.03238561602007905
945,0.05994791666666665,0.035059511966658595
946,0.06727430555555555,0.027865275605799975
947,0.07036458333333333,0.026345364554451408
948,0.07369791666666665,0.025941107931797488
949,0.06232638888888889,0.027261079834911748
950,0.054253472222222224,0.041770591604777606
951,0.03989583333333334,0.04055041229753404
952,0.004409722222222225,0.058399134101557774
953,0.02024305555555556,0.05398352005830856
954,0.006423611111111106,0.05435925520592799
955,0.022256944444444454,0.05782334316065348
956,-0.007899305555555562,0.045031794029064404
957,-0.02489583333333333,0.039558928880426815
958,-0.018385416666666664,0.05654573589047925
959,-0.009635416666666664,0.039912318450103845
960,-0.0008680555555555629,0.04015696680558296
961,0.013940972222222216,0.03910222131672325
962,0.04795138888888889,0.06120332176682252
963,0.034496527777777786,0.05108853491148485
964,0.04722222222222221,0.05936950713708694
965,0.04461805555555556,0.05870154949897189
966,0.041076388888888885,0.04952719403983913
967,0.05456597222222223,0.05000706752229913
968,0.03166666666666666,0.03555502997115879
969,0.005885416666666671,0.027705640924954256
970,0.023593750000000004,0.03620511019649405
971,0.010815972222222227,0.035703364542852035
972,0.009913194444444447,0.04841047695521741
973,0.008298611111111107,0.04468242762371764
974,0.006527777777777775,0.04288921159744741
975,-0.0005381944444444418,0.03930353489726496
976,0.01659722222222222,0.04775174163409651
977,0.01546875,0.0521641300385007
978,0.023003472222222217,0.04444843528631808
979,0.026527777777777775,0.03665732730385193
980,0.027309027777777783,0.038771994610397244
981,0.02578125,0.03725181908543006
982,0.027725694444444445,0.03830498917501873
983,0.025590277777777778,0.037580626416642976
984,0.027847222222222225,0.03780746191311615
985,0.02517361111111111,0.03893928096713721
986,0.028489583333333336,0.035317608099081084
987,0.022239583333333333,0.0369541068256929
988,0.01727430555555556,0.032432121549450056
989,0.017656250000000002,0.03438387669478967
990,0.018020833333333333,0.03248196615046571
991,0.017430555555555553,0.034202464027094474
992,0.018263888888888892,0.03243185668339232
993,0.017152777777777777,0.034385555337889506
994,0.01854166666666667,0.03221193112721503
995,0.016770833333333336,0.0357235479061081
996,0.01940972222222222,0.029917944945867365
997,0.013628472222222219,0.030601808624142992
998,0.008038194444444448,0.025080557180335535
999,0.009010416666666663,0.025236350219392526
1000,0.008958333333333339,0.025910921790927383
1001,0.008472222222222221,0.023856870500166792
1002,0.009930555555555564,0.02806853041559814
1003,0.0050000000000000044,0.015107399079406237
1004,-0.0005555555555555522,0.005193265240484515
1005,-0.002638888888888885,0.010772174230596206
1006,-0.011197916666666658,0.029090348440605398
1007,-0.007013888888888882,0.02268687399231568
1008,-0.010520833333333326,0.027392862639948955
1009,-0.007222222222222213,0.022711890224323655
1010,-0.011059027777777768,0.02891542438660657
1011,-0.004288194444444445,0.014263534308721675
1012,0.00034722222222222793,0.0039554387564684716
1013,0.0,0.0030458732327528016
1014,1.7361111111103417e-05,0.0038926460645026103
1015,-0.0022048611111111123,0.010757180369158022
1016,-0.012031250000000004,0.028987966328121017
1017,-0.005798611111111105,0.02330011172514675
1018,-0.012847222222222222,0.0269922122756537
1019,-0.0025868055555555575,0.025168228591232335
1020,-0.027013888888888886,0.035229625930598196
1021,-0.05312499999999999,0.06688587009268517
1022,-0.04755208333333333,0.05743866085908273
1023,-0.048680555555555546,0.06241431240306115
1024,-0.05043402777777778,0.058982910337673285
1025,-0.04348958333333333,0.06307962564098604
1026,-0.04432291666666667,0.06684580830294157
1027,-0.043541666666666666,0.05585975742876082
1028,-0.02751736111111111,0.0654583260580954
1029,-0.03274305555555555,0.050892912015735134
1030,-0.030781250000000003,0.048945504746563125
1031,-0.027916666666666666,0.04726251855035047
1032,-0.02095486111111111,0.053406776440563956
1033,-0.021996527777777778,0.05186277663981071
1034,-0.025902777777777775,0.050061365217329415
1035,-0.03138888888888889,0.045717208741942246
1036,-0.03375,0.05104602447383473
1037,-0.016354166666666663,0.03507509924156389
1038,0.01666666666666667,0.024465865180446366
1039,0.003645833333333331,0.02891464780416474
1040,0.015659722222222217,0.01858576476785857
1041,0.01657986111111111,0.0396135400399232
1042,0.019079861111111113,0.02972940613629578
1043,0.016788194444444446,0.036468422049897004
1044,0.018281249999999995,0.03032560748967868
1045,0.017934027777777778,0.03719131325116728
1046,0.014652777777777782,0.025367286579274926
1047,0.007829861111111107,0.02935735141787107
1048,0.006215277777777771,0.014602996003695632
1049,0.0004340277777777797,0.009847546054266266
1050,0.01305555555555556,0.03185023472087281
1051,0.003142361111111113,0.013008107206881017
1052,5.208333333333107e-05,0.0035389848915331657
1053,6.944444444444836e-05,0.002983889677589421
1054,-0.0005034722222222211,0.0033123343919701717
1055,0.0014756944444444461,0.004142908248303119
1056,-0.003958333333333331,0.006359287553998834
1057,0.016163194444444442,0.01820379351882679
1058,0.04572916666666667,0.04426347978143055
1059,0.03984375000000001,0.040623163687130384
1060,0.052170138888888884,0.04796311971823465
1061,0.04878472222222223,0.04990506274340149
1062,0.036753472222222215,0.035049125198495096
1063,-0.0014756944444444427,0.02706165108760349
1064,0.01690972222222223,0.02384799976891972
1065,-0.0004166666666666659,0.03166255455757023
1066,0.001371527777777784,0.0333549960352736
1067,-0.015868055555555555,0.024012067359101438
1068,-0.0014756944444444357,0.025900828652090823
1069,-0.019253472222222227,0.028044084778588742
1070,-0.009375000000000001,0.03013568851415581
1071,-0.013402777777777777,0.025173419539500957
1072,-0.0024652777777777815,0.0251259606489772
1073,-0.01821180555555555,0.02588532351499746
1074,0.013333333333333329,0.027040631400316414
1075,0.029270833333333326,0.05902473439866826
1076,0.04522569444444444,0.02994747382925408
1077,0.0636111111111111,0.03880012190543405
1078,0.065625,0.0256878041344526
1079,0.04565972222222221,0.0410560582964257
1080,0.017065972222222225,0.0560698444968595
1081,0.023958333333333335,0.04982118633311424
1082,0.02128472222222224,0.05608858871419942
1083,-0.0031944444444444373,0.046050568939931216
1084,-0.03284722222222222,0.03775806585913584
1085,-0.020954861111111105,0.03558880840462723
1086,-0.014374999999999988,0.035704862968275526
1087,-0.007847222222222217,0.05000204953361141
1088,-0.006666666666666668,0.03889031495401166
1089,0.002517361111111109,0.03905492596324564
1090,-0.001545138888888898,0.03718071136422963
1091,0.001267361111111108,0.03826682299322219
1092,-0.0011111111111111183,0.03775164728950231
1093,0.0009895833333333284,0.03748990749605152
1094,-0.0009201388888888801,0.03943316804410468
1095,0.00017361111111111396,0.03207440727804108
1096,-0.025190972222222215,0.03031932535001041
1097,-0.05651041666666667,0.051650309280629886
1098,-0.040347222222222215,0.047274442633538555
1099,-0.04381944444444444,0.057394846062625425
1100,-0.03355902777777778,0.05515200928858959
1101,-0.05887152777777778,0.04833593057058308
1102,-0.08067708333333334,0.030860111190234085
1103,-0.06852430555555555,0.026626720886033767
1104,-0.06937499999999999,0.026351696195142944
1105,-0.060208333333333336,0.036503097518871215
1106,-0.06272569444444445,0.03218595019791627
1107,-0.06421875,0.03549168678337459
1108,-0.04868055555555556,0.03774522762839212
1109,-0.012586805555555558,0.05435621937356563
1110,-0.03123263888888888,0.05344272556303346
1111,-0.002222222222222226,0.042979056704406826
1112,0.018697916666666668,0.03039101551091576
1113,0.002517361111111109,0.016270177184213756
1114,0.00013888888888887937,0.005577755125286007
1115,-0.0002083333333333312,0.004173172005002111
1116,0.00032986111111111063,0.00395074961876279
1117,-0.0005902777777777798,0.004995537167263014
1118,0.002986111111111106,0.01218626339088807
1119,0.011649305555555552,0.02725582203103021
1120,0.0036979166666666653,0.027611879818622554
1121,0.0023263888888888917,0.043037504616631105
1122,0.011319444444444448,0.0451983182497759
1123,0.00675347222222222,0.04722383384198428
1124,0.013420138888888888,0.03963407824916918
1125,0.018159722222222223,0.031341340276693753
1126,0.018090277777777778,0.03520847030435772
1127,0.01711805555555556,0.03104718133962892
1128,0.019097222222222224,0.03652982408716891
1129,0.013680555555555557,0.02588443273523086
1130,0.008663194444444442,0.028660754741719016
1131,0.005920138888888881,0.014956705539847667
1132,-0.001996527777777781,0.004464776896479767
1133,0.0013194444444444495,0.0034225615362087794
1134,-0.0013368055555555598,0.0041820102327937165
1135,0.0038020833333333275,0.011219214242947974
1136,0.010468750000000002,0.028182474068435787
1137,0.007638888888888886,0.02360270990241701
1138,0.010173611111111112,0.026131765434766446
1139,0.007083333333333327,0.0244640911025164
1140,0.011406249999999993,0.025754721199471368
1141,0.004913194444444439,0.024738170037604104
1142,0.017100694444444443,0.025521004581813958
1143,-0.022395833333333337,0.024761886876138228
1144,-0.08550347222222221,0.02579363946600026
1145,-0.05892361111111111,0.02572794831423362
1146,-0.0681423611111111,0.036241389096739456
1147,-0.05572916666666667,0.03159479920502037
1148,-0.07128472222222224,0.035274360070666935
1149,-0.039079861111111114,0.035415207111809704
1150,-0.008975694444444442,0.062293914183565426
1151,-0.014479166666666668,0.050184987656779506
1152,-0.013420138888888888,0.059439153227809724
1153,-0.011875000000000002,0.05041709710560056
1154,-0.01675347222222222,0.0614181665077995
1155,-0.00043402777777777797,0.040664662648187494
1156,0.020243055555555556,0.031689197637579596
1157,0.00043402777777777277,0.015685694232920416
1158,0.0047048611111111145,0.011943548597703699
1159,0.009288194444444446,0.028255447014267535
1160,0.008871527777777773,0.023831443618831865
1161,0.008784722222222222,0.025992221578036153
1162,0.008975694444444442,0.024762282471498916
1163,0.008697916666666663,0.025296473407182232
1164,0.008993055555555553,0.02524673288208072
1165,0.008871527777777777,0.024905014626951594
1166,0.008715277777777773,0.025683345012555328
1167,0.009027777777777777,0.024481136642560703
1168,0.00875,0.0263566369066271
1169,0.009027777777777777,0.023440483349220033
1170,0.00875,0.028734332989667797
1171,0.009027777777777773,0.01730229620858186
1172,0.008524305555555552,0.028891898756465594
1173,0.009288194444444443,0.02361433418565164
1174,0.00842013888888889,0.026079654006633406
1175,0.009392361111111108,0.024835061859197254
1176,0.008315972222222221,0.025206856639101754
1177,0.009739583333333333,0.025586066714050316
1178,0.0076909722222222275,0.024218053056479387
1179,0.011024305555555555,0.027507457471231973
1180,0.0015798611111111117,0.01865905961948478
1181,-0.011649305555555548,0.030255675108214957
1182,-0.007100694444444448,0.02135589565042019
1183,-0.010486111111111113,0.030080588773952782
1184,-0.0049999999999999975,0.013431442433087125
1185,0.0013194444444444425,0.0032166348827829057
1186,-0.00104166666666667,0.002798964342196751
1187,0.001388888888888884,0.00391176308486324
1188,-0.003888888888888893,0.011276118515049055
1189,-0.009965277777777781,0.028095835358753304
1190,-0.00840277777777778,0.023898223709108952
1191,-0.009131944444444443,0.025741089417769016
1192,-0.00871527777777778,0.024894937416081554
1193,-0.008802083333333332,0.025145464389036004
1194,-0.009079861111111111,0.025380881618194844
1195,-0.008593749999999994,0.02478865746793279
1196,-0.009357638888888891,0.02574339017744035
1197,-0.008177083333333331,0.024427527536828197
1198,-0.010347222222222223,0.02627311500650545
1199,-0.0046527777777777765,0.026676814656188198
1200,0.0003125000000000003,0.043042266654417724
1201,0.0028125000000000025,0.028784889759598215
1202,0.010781249999999996,0.026339597834107116
1203,0.007517361111111117,0.024510058571151263
1204,0.010138888888888888,0.026012529996541817
1205,0.007274305555555565,0.02528307736913879
1206,0.013333333333333336,0.027977429208897817
1207,0.01592013888888889,0.028469051525689727
1208,0.005954861111111109,0.027661001283297734
1209,0.011527777777777776,0.023812255960967185
1210,0.005659722222222222,0.02738729447269209
1211,0.014062500000000002,0.023544431990977777
1212,-0.007621527777777772,0.03380704073959554
1213,-0.03916666666666667,0.04719060420253167
1214,-0.042048611111111106,0.03893105972440813
1215,-0.05137152777777778,0.05069387663780185
1216,-0.04715277777777778,0.04523711268208581
1217,-0.049982638888888896,0.048612974294650765
1218,-0.04802083333333333,0.04622641572106436
1219,-0.04963541666666666,0.04810924277570152
1220,-0.048489583333333336,0.04673988048713207
1221,-0.04916666666666668,0.047718453257099606
1222,-0.0487673611111111,0.046904674891921176
1223,-0.048854166666666664,0.047649845881177835
1224,-0.049166666666666664,0.046948900080300074
1225,-0.048645833333333326,0.04829537841645812
1226,-0.047482638888888894,0.044125185933446956
1227,-0.03302083333333333,0.038722688628029606
1228,-0.034756944444444444,0.05343451051128144
1229,-0.015277777777777786,0.03277707891204115
1230,0.015416666666666665,0.026984193547128454
1231,0.005052083333333329,0.02454097913935089
1232,0.01175347222222222,0.025825170688083994
1233,0.006527777777777778,0.02482269786081896
1234,0.010902777777777779,0.02546675582020947
1235,0.007256944444444441,0.025083747651001752
1236,0.010329861111111113,0.02504303418995077
1237,0.0076388888888888895,0.025381683195189946
1238,0.010034722222222223,0.02464876727942113
1239,0.008038194444444442,0.02595983090658147
1240,0.009496527777777774,0.023796814900360223
1241,0.008940972222222225,0.027881106644739542
1242,0.005590277777777777,0.015428588045881132
1243,0.0008680555555555525,0.011325247745498267
1244,0.012690972222222218,0.029033389484480827
1245,0.00571180555555555,0.02299130967775221
1246,0.011892361111111114,0.026888012075709268
1247,0.005694444444444446,0.024092819002124587
1248,0.014652777777777778,0.027598247967852266
1249,0.01704861111111111,0.0345441265933699
1250,0.019201388888888893,0.03361957538050461
1251,0.01581597222222222,0.0323301415428356
1252,0.02032986111111111,0.035555254617053264
1253,0.012517361111111108,0.027305672341010005
1254,0.00928819444444445,0.026126903330527848
1255,0.007569444444444441,0.02401184141550956
1256,0.010902777777777775,0.02777480452837618
1257,0.003975694444444438,0.01515465897847451
1258,-0.0001736111111111105,0.0042006714263435035
1259,-0.0006423611111111178,0.0027132811819596853
1260,0.001041666666666663,0.0022268289923366618
1261,-0.0013368055555555598,0.0020671390262529594
1262,0.0016840277777777773,0.002192798367334293
1263,-0.0020312500000000087,0.0024390353070766887
1264,0.0024999999999999988,0.002925952480247528
1265,-0.003559027777777786,0.00411311799973985
1266,0.005503472222222219,0.006769341894141846
1267,-0.015486111111111117,0.020981820375397173
1268,-0.030104166666666668,0.052796882963811846
1269,-0.020954861111111108,0.05346282215807271
1270,-0.018871527777777775,0.05025835368055528
1271,-0.013958333333333333,0.060264445450171254
1272,-0.0027604166666666645,0.04055445932332157
1273,0.024253472222222218,0.036042741266628396
1274,0.013298611111111115,0.03166721871472995
1275,0.021788194444444443,0.03624637876362383
1276,0.011458333333333334,0.026594139653105704
1277,0.00989583333333333,0.02763166868980832
1278,0.00737847222222222,0.023051012196667095
1279,0.010642361111111113,0.02918795209585891
1280,0.006857638888888889,0.016903420069623615
1281,0.01125,0.029903091453430397
1282,0.0057291666666666775,0.023211175768486088
1283,0.015538194444444445,0.02820163278130605
1284,0.013940972222222221,0.03577956523339678
1285,0.03385416666666667,0.03718224752822239
1286,0.06427083333333333,0.05666944309987527
1287,0.05187499999999999,0.04854714293143888
1288,0.04637152777777779,0.04369082541896977
1289,0.03746527777777778,0.03955822790598345
1290,0.041874999999999996,0.04038054120042089
1291,0.038420138888888886,0.03989358569362497
1292,0.04151041666666667,0.04021079574713805
1293,0.03864583333333333,0.040084546066200294
1294,0.041631944444444444,0.04020017668178728
1295,0.03640625,0.04176735880187688
1296,0.027031249999999993,0.04938667341788392
1297,0.02078124999999999,0.05317953185678626
1298,0.02328124999999999,0.051662702510894325
1299,0.021232638888888895,0.05231702491695477
1300,0.023472222222222217,0.05210810753382024
1301,0.019062499999999996,0.0523889988915718
1302,0.008298611111111104,0.056063659545931344
1303,0.006562499999999985,0.05496733957668762
1304,0.01595486111111111,0.05611833280414539
1305,0.011371527777777776,0.05438967902207392
1306,0.015104166666666658,0.05591479986327413
1307,0.011614583333333317,0.054356862596039536
1308,0.014843749999999982,0.05595391305605643
1309,0.011874999999999993,0.05424713574107956
1310,0.014704861111111092,0.05608835495393891
1311,0.012343750000000004,0.05397404151180506
1312,0.011684027777777786,0.05772498433147187
1313,0.0028298611111111233,0.05310707134381278
1314,0.022482638888888896,0.05320668477263547
1315,0.019166666666666665,0.053292118678041366
1316,0.051319444444444445,0.034827133175828785
1317,0.07369791666666667,0.026237647970177212
1318,0.07130208333333334,0.025629710356369396
1319,0.06916666666666667,0.02529127196287288
1320,0.07656249999999999,0.0289178373922471
1321,0.07836805555555555,0.04008800480016465
1322,0.08465277777777777,0.037421922319166454
1323,0.06291666666666666,0.04152175320941221
1324,0.03487847222222222,0.05936139636639854
1325,0.04210069444444444,0.05207789612823032
1326,0.03960069444444443,0.058315641435005075
1327,0.03715277777777777,0.048424156863887624
1328,0.0298263888888889,0.04955150657272232
1329,0.030920138888888896,0.044080654285892536
1330,0.03352430555555555,0.053122529104665944
1331,0.019357638888888893,0.027650015426862063
1332,-0.005590277777777786,0.007180619358194943
1333,0.0035243055555555583,0.004090190823920107
1334,-0.0027777777777777714,0.003154184708104379
1335,0.002309027777777771,0.0027503528989336694
1336,-0.0026736111111111127,0.003343445310336313
1337,0.004913194444444446,0.009919273530101344
1338,0.009288194444444443,0.029767218544314297
1339,0.008923611111111111,0.02214472162813645
1340,0.008923611111111108,0.028090685514140106
1341,0.008767361111111111,0.022171226480762526
1342,0.009375000000000001,0.02962896275652892
1343,0.0057986111111111155,0.013825637222159615
1344,-0.002065972222222226,0.005316725126304051
1345,0.0035416666666666687,0.011575161985907585
1346,0.012239583333333331,0.02938317151413657
1347,-0.0050868055555555545,0.03019859856716077
1348,-0.04173611111111111,0.05054190091469639
1349,-0.015399305555555564,0.04982083846843911
1350,-0.030034722222222216,0.04734347942818825
1351,-0.05769097222222222,0.03956127933994447
1352,-0.05668402777777778,0.029847910720886415
1353,-0.07699652777777777,0.028649647262940166
1354,-0.06821180555555556,0.016131985175368294
1355,-0.08972222222222222,0.007164735150998297
1356,-0.058489583333333324,0.015849173134977735
1357,-0.040694444444444436,0.04945093005217083
1358,-0.02517361111111111,0.02138545021059591
1359,0.006909722222222216,0.004864582094138949
1360,-0.004010416666666669,0.003065846385991965
1361,0.002864583333333337,0.0023298197131609395
1362,-0.002239583333333347,0.00209437179821699
1363,0.0018402777777777844,0.0018948282846725335
1364,-0.0016840277777777878,0.001906958227068425
1365,0.0015625000000000049,0.002000976324197763
1366,-0.001440972222222215,0.0023318887103722873
1367,0.0017187500000000085,0.003458349021048755
1368,-0.004027777777777769,0.010479958183788267
1369,-0.010468749999999999,0.02916150437946594
1370,-0.00496527777777777,0.026010583301280258
1371,-0.0008854166666666594,0.04444442070854401
1372,-0.01390625,0.04449102715599892
1373,0.0036805555555555654,0.05185026555939947
1374,0.030763888888888886,0.0654268853336293
1375,0.02640625000000001,0.06072927833751883
1376,0.024600694444444446,0.0632637197559942
1377,0.03284722222222222,0.06113331154516657
1378,0.03227430555555556,0.057264747990059026
1379,0.04425347222222223,0.05565202399196283
1380,0.03362847222222222,0.05115603034900844
1381,0.03289930555555555,0.046887012992565105
1382,0.027673611111111114,0.047705288092200815
1383,0.03918402777777778,0.04642014719998928
1384,0.02517361111111111,0.024481875342653177
1385,-0.0075000000000000015,0.007249880267210549
1386,0.005138888888888898,0.005855818107649566
1387,-0.0048784722222222215,0.015633726344093594
1388,0.00647569444444444,0.04358597794562009
1389,-0.017916666666666664,0.03682862550041747
1390,-0.044704861111111105,0.06343352069332235
1391,-0.03789930555555554,0.04901390967400617
1392,-0.04114583333333333,0.0604650488746736
1393,-0.03937499999999999,0.04990540096160824
1394,-0.03991319444444444,0.060706006657573953
1395,-0.04302083333333333,0.04634140742000255
1396,-0.05100694444444445,0.05146946104754441
1397,-0.04772569444444444,0.04316420892139011
1398,-0.04744791666666666,0.05367730165231493
1399,-0.03571180555555555,0.051891292366601165
1400,-0.045590277777777764,0.06099257561767985
1401,-0.023333333333333327,0.04193623735472964
1402,0.0064930555555555575,0.040192753290269494
1403,-0.006579861111111109,0.030329582855048727
1404,-0.007916666666666666,0.025719043217580586
1405,-0.010121527777777774,0.02474240968260784
1406,-0.007083333333333327,0.026285112098972597
1407,-0.01324652777777777,0.025522138335871067
1408,-0.01826388888888888,0.036535813834037305
1409,-0.01809027777777777,0.031108514586587876
1410,-0.01711805555555555,0.03582599784951677
1411,-0.01897569444444444,0.030755427612744173
1412,-0.015104166666666662,0.03854180743217538
1413,-0.027031249999999993,0.02700152910086246
1414,-0.042986111111111114,0.04335489024882492
1415,-0.038524305555555555,0.03991198617135894
1416,-0.04076388888888889,0.0387805410309645
1417,-0.03996527777777778,0.04251415318985688
1418,-0.03916666666666667,0.03626197120339096
1419,-0.04314236111111112,0.046413991383647074
1420,-0.02522569444444445,0.02142387138550703
1421,0.007621527777777769,0.003500277284540874
1422,-0.004982638888888887,0.002535495030591526
1423,0.002326388888888885,0.010027751327296603
1424,-0.018003472222222226,0.02993829354247398
1425,0.011059027777777772,0.028453547610521754
1426,0.033958333333333326,0.05166540657065529
1427,0.03027777777777777,0.046463691872502336
1428,0.03173611111111111,0.04476940122746151
1429,0.024166666666666666,0.06415313710178171
1430,-0.023107638888888886,0.08388893380069162
1431,-0.040625,0.04310474061161306
1432,-0.04456597222222222,0.06671508161337872
1433,-0.04760416666666667,0.04792232756416018
1434,-0.05331597222222222,0.05354218738487961
1435,-0.031788194444444445,0.03426621130742308
1436,-0.006423611111111113,0.024413747297347972
1437,-0.022413194444444447,0.036391576614322164
1438,-0.015052083333333337,0.032127987390820525
1439,-0.017552083333333326,0.03146458443686683
1440,-0.0018749999999999947,0.015511042773349144
1441,-0.0011111111111111113,0.0046692029731337445
1442,0.0012673611111111115,0.0029800993262974916
1443,-0.0013368055555555529,0.0023100718191029434
1444,0.0011805555555555597,0.0018766068217877302
1445,-0.0011805555555555527,0.0016156097394627554
1446,0.0011805555555555527,0.0013919237675574627
1447,-0.001145833333333339,0.001305204592306423
1448,0.0009548611111111112,0.0011898378951861427
1449,-0.0009201388888888974,0.0011047179354120172
1450,0.0009201388888888905,0.000990800907873631
1451,-0.0009201388888888905,0.000990800907873631
1452,0.0008854166666666628,0.0009095963123215103
1453,-0.0008854166666666698,0.0009095963123215102
1454,0.0008854166666666628,0.0009095963123215103
1455,-0.0008854166666666698,0.0008085507654302103
1456,0.0008854166666666698,0.0008085507654302103
1457,-0.0008506944444444491,0.0008703095735759927
1458,0.0008159722222222214,0.0008010605552124541
1459,-0.0008159722222222283,0.0008010605552124541
1460,0.0009722222222222215,0.0007856742013183869
1461,-0.0009722222222222285,0.0007856742013183869
1462,0.0009722222222222215,0.0007856742013183869
1463,-0.0009027777777777801,0.0007993655856403714
1464,0.0009027777777777662,0.0007993655856403714
1465,-0.0010590277777777803,0.0008144933406763826
1466,0.0012152777777777665,0.0007993655856403714
1467,-0.0011805555555555527,0.0008811512180867731
1468,0.0011805555555555527,0.0008811512180867731
1469,-0.0013368055555555529,0.000894897497837492
1470,0.001493055555555553,0.0009967152843338427
1471,-0.0018055555555555533,0.0009967152843338427
1472,0.0018055555555555533,0.0011002069109551996
1473,-0.002048611111111112,0.001151605829984515
1474,0.002482638888888892,0.0012520478980626928
1475,-0.0029166666666666716,0.0013700985872881165
1476,0.0036631944444444446,0.001501610664317271
1477,-0.0048784722222222285,0.001968554027087326
1478,0.007465277777777772,0.0033526278964013303
1479,-0.02017361111111111,0.013929627752419935
1480,-0.040225694444444446,0.05118303186851926
1481,-0.053854166666666675,0.02022792220682974
1482,-0.08980902777777779,0.012763345279954605
1483,-0.08776041666666667,0.026392686358708672
1484,-0.08661458333333333,0.02959071394141243
1485,-0.0759201388888889,0.03540877243855976
1486,-0.06776041666666667,0.021327027978502614
1487,-0.07824652777777777,0.030027320258424757
1488,-0.042847222222222224,0.013487829233158296
1489,0.011649305555555555,0.0029679376731386736
1490,-0.0069965277777777855,0.0015768056534249376
1491,0.005173611111111108,0.0011373846773721679
1492,-0.00421875,0.001000488162098882
1493,0.0036631944444444446,0.0008577513421552525
1494,-0.0032986111111111133,0.0009212846639876119
1495,0.00286458333333333,0.0007950175792955064
1496,-0.002743055555555561,0.0008811512180867731
1497,0.002465277777777771,0.0009014413184546629
1498,-0.0024652777777777815,0.0008770368708552153
1499,0.0023437499999999986,0.0010737254233379309
1500,-0.002187500000000002,0.0009432692852226485
1501,0.0020312499999999983,0.0011327376651526833
1502,-0.0020659722222222225,0.0011559162848414804
1503,0.0020312499999999983,0.001224789168365087
1504,-0.0018750000000000017,0.0014244577428309745
1505,0.0018402777777777705,0.001599861949098369
1506,-0.0018055555555555602,0.0017877730085911127
1507,0.0018923611111111086,0.0021410551124617875
1508,-0.0017534722222222222,0.0027106138012974023
1509,0.0011458333333333286,0.004158846828682734
1510,0.0013541666666666632,0.011378509837017813
1511,0.012899305555555553,0.027973318907457197
1512,0.004982638888888887,0.024528202708427496
1513,0.0153125,0.026623296437414443
1514,0.016458333333333332,0.03542478460884884
1515,0.01973958333333333,0.03218602511453707
1516,0.015520833333333331,0.034184129175686195
1517,0.02019097222222222,0.03246778900715472
1518,0.015486111111111114,0.03484312284908663
1519,0.01826388888888889,0.02966889442972385
1520,0.0004861111111111073,0.01658515949371904
1521,0.0034722222222222272,0.006257711292260449
1522,-0.00510416666666667,0.00593292952745756
1523,0.00767361111111111,0.007890734819245564
1524,-0.01993055555555556,0.019798944811872683
1525,-0.04147569444444445,0.04175846730343004
1526,-0.04336805555555556,0.04315789249272466
1527,-0.02388888888888889,0.024124699152157293
1528,0.005833333333333329,0.006214307807614438
1529,-0.0030729166666666682,0.0037329618723311083
1530,0.0021527777777777812,0.003838494160844785
1531,-0.0039062499999999965,0.01065775689899406
1532,-0.010763888888888885,0.028797933739320963
1533,-0.006944444444444434,0.022874382286066995
1534,-0.011406249999999996,0.027243168183484295
1535,-0.0054687499999999944,0.02297914069581488
1536,-0.014739583333333334,0.02949006902343473
1537,0.008871527777777777,0.02388874379195276
1538,0.03546875,0.05400077260410519
1539,0.029791666666666675,0.0441572071237779
1540,0.030815972222222217,0.0489438297321169
1541,0.03305555555555556,0.046839634292590075
1542,0.02524305555555557,0.04748566984537104
1543,0.025833333333333344,0.05584664409120749
1544,0.0055729166666666705,0.04216579302660511
1545,-0.02053819444444445,0.02906601038304348
1546,-0.004114583333333324,0.024980949773027044
1547,-0.011857638888888886,0.025934042654077043
1548,-0.006944444444444441,0.02466827564509666
1549,-0.009878472222222223,0.025636671395392566
1550,-0.008715277777777773,0.02466131014318573
1551,-0.007968749999999997,0.02556909764423214
1552,-0.012239583333333325,0.025103140106950098
1553,0.0062673611111111124,0.02997873816548319
1554,0.03847222222222223,0.05280745464978886
1555,0.026111111111111113,0.04425652001731733
1556,0.037465277777777785,0.05077106082488282
1557,0.03939236111111112,0.05627935887206032
1558,0.04053819444444444,0.05423591382539876
1559,0.04006944444444445,0.05615448638055182
1560,0.038975694444444445,0.053169283581139544
1561,0.043333333333333335,0.058590578617878294
1562,0.024791666666666677,0.043355112715931336
1563,-0.006892361111111118,0.0418058187111042
1564,0.002222222222222226,0.030421284054654076
1565,-0.01769097222222222,0.02682309645750604
1566,-0.014861111111111106,0.03502513702707574
1567,-0.020850694444444436,0.033527721861145034
1568,-0.014374999999999995,0.03203053014096256
1569,-0.02187499999999999,0.03674574214752264
1570,-0.008593749999999997,0.020084524623208727
1571,0.0007812499999999938,0.0056904468098589005
1572,0.00024305555555555539,0.0035806002712490998
1573,-0.0006597222222222213,0.0026920360800280606
1574,0.0007812499999999972,0.002456765919806406
1575,-0.0009201388888888905,0.0020636366349882046
1576,0.0010590277777777803,0.0018955439593969258
1577,-0.001093750000000008,0.0018049711928295282
1578,0.0009722222222222285,0.0016300964714313212
1579,-0.00104166666666667,0.0015590239111558104
1580,0.0010763888888888837,0.0015103168868702476
1581,-0.0011111111111111113,0.001495879113092919
1582,0.001145833333333325,0.001450873778873347
1583,-0.0009548611111111112,0.0013030089302750562
1584,0.0009548611111111181,0.0012433513381801314
1585,-0.000989583333333325,0.0012336165919090648
1586,0.0009895833333333458,0.0012336165919090648
1587,-0.0010590277777777803,0.0012109297216994323
1588,0.0010243055555555595,0.0011959020902287873
1589,-0.0008680555555555525,0.0010129133434593634
1590,0.0009027777777777732,0.001009336239843656
1591,-0.0009027777777777801,0.000987601573147771
1592,0.0009027777777777732,0.000987601573147771
1593,-0.0009375000000000008,0.0009716019846967524
1594,0.0010069444444444492,0.0009691170650661719
1595,-0.00104166666666667,0.0009716019846967524
1596,0.0010763888888888906,0.0010480130744990684
1597,-0.0012500000000000011,0.0011458333333333342
1598,0.0015625000000000014,0.00161037758684795
1599,-0.002430555555555554,0.0030734560888756673
1600,0.0072395833333333375,0.012302365576779217
1601,0.02105902777777778,0.04065745750524613
1602,0.012899305555555553,0.024311215858768474
1603,0.00842013888888889,0.027791711999865853
1604,0.00883680555555556,0.022948795081622526
1605,0.009288194444444446,0.027430033618452122
1606,0.00779513888888889,0.02288266232434841
1607,0.013072916666666667,0.029609409355740843
1608,0.01598958333333333,0.031013733587024712
1609,0.006232638888888888,0.022803335350463756
1610,0.01081597222222222,0.027661132041022746
1611,0.007170138888888889,0.0224218531557729
1612,0.01081597222222222,0.029188819505492652
1613,0.004739583333333335,0.013850739707733624
1614,-0.001440972222222222,0.003976300899888064
1615,0.003524305555555555,0.01014104393478262
1616,0.010399305555555557,0.029347616808950074
1617,0.008003472222222214,0.02261523799741634
1618,0.009079861111111111,0.027528881657777747
1619,0.011371527777777772,0.024650142904967906
1620,0.020381944444444446,0.03650793583398032
1621,0.01576388888888889,0.031176688698607437
1622,0.019548611111111114,0.03482599077539151
1623,0.01611111111111111,0.03190327963616295
1624,0.019375000000000003,0.03450166058805479
1625,0.01621527777777778,0.032101065325962755
1626,0.019375000000000003,0.034422000696421526
1627,0.01618055555555556,0.03212449259819302
1628,0.019444444444444448,0.034562235588254775
1629,0.01590277777777778,0.03171817509209569
1630,0.020069444444444445,0.035736842523931056
1631,0.012916666666666667,0.027390881998699254
1632,0.008680555555555552,0.025420840580171012
1633,0.008611111111111111,0.025631821208951473
1634,0.009201388888888891,0.024065481016244193
1635,0.008958333333333332,0.027675026974793637
1636,0.006440972222222226,0.015255754723375174
1637,-0.002586805555555561,0.004187196241516408
1638,0.0021006944444444432,0.002638945997189076
1639,-0.0019618055555555534,0.002072381514766746
1640,0.001892361111111119,0.0017630719072557195
1641,-0.0021527777777777743,0.0016985520567548622
1642,0.0023263888888888917,0.001946613373668027
1643,-0.002743055555555561,0.0029139785893406633
1644,0.005572916666666667,0.009989279192450386
1645,0.008125000000000004,0.029417817494013912
1646,0.010364583333333333,0.022395167141254432
1647,0.006857638888888885,0.027504038573051993
1648,0.0115625,0.023056627526953435
1649,0.005295138888888891,0.027584795133372916
1650,0.015052083333333337,0.022694053709831623
1651,-0.011145833333333334,0.03563626771126416
1652,-0.05,0.05780245783653533
1653,-0.04720486111111111,0.04212797655550603
1654,-0.05,0.05150385975288108
1655,-0.048350694444444446,0.0436817182377056
1656,-0.04901041666666667,0.051066772099611024
1657,-0.05137152777777779,0.04459880218510863
1658,-0.060607638888888885,0.056358544213663715
1659,-0.05472222222222224,0.04788777309218289
1660,-0.06269097222222222,0.05758929687606703
1661,-0.04111111111111111,0.039502689537674225
1662,-0.012065972222222221,0.033757255342976196
1663,-0.01862847222222222,0.036217528992829574
1664,-0.00345486111111111,0.04865447284788635
1665,-0.016180555555555552,0.04481086743931187
1666,-0.014045138888888881,0.051773502637236464
1667,-0.00298611111111112,0.03968889737016987
1668,0.01414930555555556,0.04966967770378928
1669,0.0017013888888888912,0.03940863618180508
1670,0.002204861111111109,0.03805841068593174
1671,-0.0027083333333333404,0.03935474015816477
1672,0.0033854166666666685,0.03378924062653754
1673,-0.004565972222222225,0.04014447904772357
1674,0.008107638888888886,0.03853075186415159
1675,0.0025000000000000057,0.049721773644003854
1676,0.0034374999999999996,0.05524566347989074
1677,-0.009027777777777782,0.049638656208650704
1678,0.00739583333333332,0.04758866450724724
1679,0.03663194444444444,0.06526659367843402
1680,0.028749999999999987,0.05705681029197517
1681,0.032135416666666666,0.06470655667366716
1682,0.030729166666666672,0.051290634297761095
1683,0.030833333333333338,0.04790953298347256
1684,0.03184027777777779,0.04723115724292781
1685,0.029965277777777778,0.04709968015556128
1686,0.03282986111111111,0.047608209189932534
1687,0.028749999999999994,0.04670664210438026
1688,0.034739583333333324,0.04840738871410082
1689,0.023888888888888894,0.04586459897397131
1690,0.026944444444444434,0.057124144812195576
1691,0.004843750000000001,0.03943726475761852
1692,-0.022048611111111116,0.03826551153546738
1693,-0.015885416666666666,0.026834241136947275
1694,0.007031249999999996,0.034093266240584646
1695,0.03769097222222223,0.04922083206452557
1696,0.027378472222222228,0.04774324810567233
1697,0.03383680555555556,0.045894822101172836
1698,0.028645833333333343,0.04988104338908052
1699,0.03546875000000001,0.04152452970041055
1700,0.041579861111111116,0.04150626315248685
1701,0.03807291666666668,0.03769599389496405
1702,0.04425347222222222,0.04456204939883521
1703,0.02390625,0.023667677593579205
1704,-0.00621527777777778,0.006404250101868598
1705,0.0031770833333333304,0.0051960793345934295
1706,0.00031250000000000375,0.011351777271521065
1707,0.013159722222222218,0.02842679302574237
1708,0.004930555555555556,0.024118701402236542
1709,0.015069444444444444,0.02737315988939251
1710,0.016718749999999998,0.034563286421131406
1711,0.01934027777777778,0.033325990221273166
1712,0.015815972222222224,0.032604522576746335
1713,0.020642361111111115,0.0352290484274797
1714,0.011701388888888893,0.02721347382810967
1715,0.01319444444444445,0.029746570537107903
1716,0.015243055555555558,0.031032324439333007
1717,0.009652777777777781,0.02557538576184696
1718,0.021666666666666667,0.03561540440946866
1719,0.012152777777777776,0.03489224000294104
1720,0.009357638888888884,0.049616199740778424
1721,0.007934027777777772,0.042565709375972864
1722,0.010260416666666668,0.04780674098395481
1723,0.006753472222222213,0.04319578767672974
1724,0.014357638888888892,0.048910933639571816
1725,0.014322916666666671,0.04766467366353606
1726,0.01050347222222222,0.04694822277386257
1727,0.020451388888888894,0.05052354183270396
1728,0.01574652777777778,0.051279118050266005
1729,0.021996527777777778,0.04914736764694757
1730,0.02772569444444444,0.05613470104112144
1731,0.025885416666666664,0.050837415520857056
1732,0.027517361111111107,0.05624773068553412
1733,0.025572916666666667,0.04971841827181742
1734,0.028420138888888887,0.059145249224967236
1735,0.021892361111111116,0.03798563899386684
1736,0.018489583333333337,0.03899650675461201
1737,0.011232638888888882,0.01895446166459493
1738,-0.0032118055555555546,0.004874516486389213
1739,0.0019618055555555534,0.002916304954422867
1740,-0.0014756944444444427,0.0022141373109262666
1741,0.001041666666666656,0.0017179606773406934
1742,-0.0008680555555555525,0.0015007071378454395
1743,0.0006076388888888902,0.001445149567476165
1744,-0.0005381944444444488,0.0013967874364937984
1745,0.0004687500000000004,0.0013020833333333343
1746,-0.00043402777777777277,0.0012198574424021659
1747,0.00043402777777777277,0.001183742634286861
1748,-0.0003645833333333383,0.00115173668684875
1749,0.00039930555555555206,0.0011683653721105039
1750,-0.0004340277777777797,0.0011559162848414804
1751,0.0002951388888888899,0.001171456972766483
1752,-0.00036458333333333134,0.0011611196255004153
1753,0.00032986111111111063,0.0012079391518610397
1754,-0.00036458333333333134,0.0012510845989025339
1755,0.00036458333333333134,0.0013350005852058656
1756,-0.00039930555555555206,0.0014426446118432103
1757,0.00027777777777777957,0.0016597803337107127
1758,-0.00041666666666666935,0.001945993926278063
1759,0.0005902777777777798,0.002464788683877959
1760,-0.0010069444444444353,0.0037392141698523616
1761,0.0036458333333333343,0.011050016496971092
1762,0.010277777777777778,0.028220879950855846
1763,0.008020833333333338,0.023955389311871623
1764,0.009652777777777777,0.025611846405749986
1765,0.007881944444444441,0.025796040697432236
1766,0.012413194444444445,0.025219480480341033
1767,0.01977430555555556,0.03757772696363975
1768,0.013732638888888888,0.025597561576471802
1769,0.007795138888888897,0.02833955052464741
1770,0.009670138888888891,0.022355941269607823
1771,0.006371527777777785,0.031159441510324595
1772,-0.0054513888888888876,0.03716637212347995
1773,-0.00631944444444444,0.012001137259638828
1774,0.0020138888888888845,0.002635688849215048
1775,-0.0013194444444444425,0.0019916153332916646
1776,0.00104166666666667,0.0019037153002601126
1777,-0.000989583333333332,0.0019771096766773256
1778,0.0009201388888888905,0.0020530936129382073
1779,-0.0009374999999999939,0.0019764235376052387
1780,0.0010243055555555595,0.0022336538646780886
1781,-0.0008854166666666698,0.0025092061396762323
1782,0.0006423611111111109,0.002910097181488942
1783,-0.000347222222222221,0.004171727250932501
1784,-0.002065972222222219,0.011196409243930023
1785,-0.012048611111111107,0.028343905469036097
1786,-0.00598958333333334,0.023893537832929034
1787,-0.012239583333333328,0.026166419933152028
1788,-0.0027951388888888887,0.02823828885170588
1789,-0.001736111111111105,0.04006982054993908
1790,0.002916666666666675,0.037059039326908266
1791,-0.005295138888888887,0.03767155092293179
1792,0.015104166666666658,0.042277039753012245
1793,0.031406250000000004,0.0698053663482038
1794,0.04366319444444446,0.04993657061300057
1795,0.08220486111111111,0.044305558957027036
1796,0.05147569444444443,0.05010252136456997
1797,0.02671875,0.061673198732028464
1798,0.03430555555555555,0.06248268471564496
1799,0.02565972222222223,0.05410442025283204
1800,0.022013888888888892,0.055774924966470664
1801,-0.003385416666666658,0.045086511411781716
1802,-0.03383680555555556,0.03994948600181751
1803,-0.017031250000000005,0.03009610077930454
1804,-0.007690972222222221,0.025639210763373214
1805,-0.009687500000000002,0.02560403105469918
1806,-0.008194444444444442,0.024950157683697273
1807,-0.009843749999999995,0.025501108448811698
1808,-0.007760416666666669,0.02491832361059828
1809,-0.010572916666666664,0.025507064738273983
1810,-0.006215277777777781,0.02511537804824313
1811,-0.013749999999999995,0.026069984603413605
1812,0.007760416666666669,0.030559071964643785
1813,0.036840277777777784,0.05142710431529442
1814,0.028038194444444442,0.045694368588462875
1815,0.03317708333333334,0.047872970338830034
1816,0.029687500000000006,0.04738278208584258
1817,0.03185763888888889,0.04668206500770384
1818,0.032708333333333325,0.050704134823448516
1819,0.04409722222222223,0.05460419139570143
1820,0.03244791666666667,0.05964396772754745
1821,0.04338541666666665,0.053069031997183214
1822,0.08635416666666666,0.04087781909238799
1823,0.05822916666666667,0.035443464126768916
1824,0.025,0.05323874669172403
1825,0.03423611111111112,0.0444157215129444
1826,0.02895833333333334,0.04920813928835576
1827,0.03265625,0.046151858382063614
1828,0.029809027777777785,0.047970886317893154
1829,0.03215277777777779,0.0472166816602583
1830,0.03034722222222223,0.04664234960854966
1831,0.03131944444444444,0.049019748221136146
1832,0.03329861111111111,0.04216617545186727
1833,0.043055555555555555,0.041080849997254365
1834,0.03678819444444445,0.03802266056618915
1835,0.04489583333333333,0.04440970864824742
1836,0.02369791666666667,0.02366859449674587
1837,-0.006909722222222222,0.0066437503992311416
1838,0.007204861111111113,0.010588413428792966
1839,0.007274305555555555,0.029262826150415026
1840,0.011249999999999993,0.022683472629991108
1841,0.005920138888888888,0.027165434896310972
1842,0.014027777777777781,0.023669199378694567
1843,-0.007899305555555559,0.030835410535949164
1844,-0.03708333333333333,0.05273560312355929
1845,-0.02758680555555556,0.044578685207899184
1846,-0.03428819444444444,0.049117627110035804
1847,-0.025347222222222215,0.04753127270171778
1848,-0.025208333333333333,0.05204738342633353
1849,-0.03295138888888889,0.044701486523118485
1850,-0.029843750000000002,0.049693532346956934
1851,-0.032586805555555556,0.04491719396571715
1852,-0.029322916666666667,0.0500410259204746
1853,-0.03574652777777778,0.0418481903825111
1854,-0.04008680555555555,0.04063458828563108
1855,-0.04102430555555556,0.040219100128455726
1856,-0.0378298611111111,0.038946142285713525
1857,-0.044496527777777774,0.043307677061435214
1858,-0.02359375,0.024889131332912054
1859,0.006024305555555564,0.007496965210334721
1860,-0.0033333333333333236,0.00494873896675821
1861,0.002361111111111123,0.004103984532525662
1862,-0.0018923611111111016,0.0034429757873642593
1863,0.0014409722222222254,0.0033286733196084043
1864,-0.0012152777777777873,0.003383234695697721
1865,0.0008506944444444456,0.003700198174643596
1866,-0.00017361111111111743,0.004799837035878163
1867,-0.0025868055555555505,0.01185387629420446
1868,-0.011302083333333334,0.027648794506697955
1869,-0.0071874999999999925,0.024638884974320114
1870,-0.010381944444444437,0.025065789207209237
1871,-0.0075347222222222135,0.02619680640641263
1872,-0.010086805555555554,0.02364831245161933
1873,-0.007725694444444434,0.028921552922968715
1874,-0.01005208333333334,0.017600236864133707
1875,-0.007690972222222214,0.028335466159171648
1876,-0.010156249999999995,0.024549378474962347
1877,-0.0074826388888888755,0.02478870610435188
1878,-0.010815972222222223,0.027457578329767897
1879,-0.0043923611111111,0.015406271911686517
1880,0.0005381944444444418,0.004540287390374244
1881,8.680555555555178e-05,0.0029897930304569813
1882,-0.0002951388888888899,0.002452836859896197
1883,0.00039930555555555206,0.002189496994104208
1884,-0.000399305555555559,0.0020671390262529594
1885,0.00039930555555555206,0.0019813736476585655
1886,-0.0005555555555555591,0.002092572107405469
1887,0.0005208333333333315,0.002098900174959365
1888,-0.00048611111111111077,0.0021302585625247194
1889,0.0005381944444444453,0.002442493006579824
1890,-0.0003645833333333383,0.002752543804525795
1891,3.472222222222418e-05,0.0038582310901579915
1892,0.002378472222222216,0.010870897857828464
1893,0.011666666666666662,0.028726401849073345
1894,0.006388888888888892,0.02370523518453932
1895,0.011684027777777772,0.026351313022563362
1896,0.005190972222222222,0.02506396740147111
1897,0.014809027777777772,0.02613797584638969
1898,-0.009184027777777786,0.03188098032285787
1899,-0.03298611111111112,0.050438423144672034
1900,-0.017673611111111112,0.05405549712012943
1901,-0.027604166666666666,0.047388964703762464
1902,-0.03180555555555556,0.049753031074299854
1903,-0.029913194444444444,0.04400025222312143
1904,-0.03440972222222223,0.05261941702299167
1905,-0.016250000000000007,0.0324946576805754
1906,0.016892361111111105,0.02933331709838829
1907,0.0009027777777777767,0.014626383217800312
1908,0.001961805555555557,0.004026018832885275
1909,-0.0023090277777777814,0.0026127751235899776
1910,0.0023437499999999986,0.0023344723782307247
1911,-0.002343750000000002,0.0025648067192177364
1912,0.0028645833333333336,0.003599783582422391
1913,-0.005503472222222226,0.010831900390451938
1914,-0.008315972222222214,0.028667063891856526
1915,-0.010312500000000002,0.023331705672396376
1916,-0.006909722222222206,0.02688345492182787
1917,-0.013489583333333329,0.02563521349641825
1918,-0.01822916666666666,0.03555701358772665
1919,-0.01545138888888889,0.03523963448091885
1920,-0.0057986111111111086,0.04908706725484931
1921,-0.011493055555555545,0.04357125633784301
1922,-0.009670138888888884,0.048110169998373274
1923,-0.0403472222222222,0.05444010399365073
1924,0.009739583333333343,0.053671439075134116
1925,0.06163194444444445,0.0529038037552565
1926,0.05203125,0.054511547300205125
1927,0.04154513888888888,0.05510549307459828
1928,0.0028125000000000094,0.07082061773123229
1929,0.023906250000000007,0.06304228715408455
1930,0.017083333333333343,0.06487768941117843
1931,0.02939236111111112,0.06549610955617594
1932,0.003715277777777793,0.057159685943373256
1933,-0.02194444444444444,0.049315139913533236
1934,-0.016093749999999997,0.05228899499317073
1935,-0.01857638888888888,0.04788135272779175
1936,-0.017430555555555553,0.054645475475734825
1937,-0.017725694444444436,0.03894187006692685
1938,-0.018506944444444437,0.0356164030129412
1939,-0.014479166666666661,0.027833559442694354
1940,-0.0071874999999999994,0.025675551424891002
1941,-0.010034722222222223,0.025324476095393813
1942,-0.007951388888888883,0.025125168907975937
1943,-0.00972222222222223,0.025467181889542896
1944,-0.007986111111111104,0.024856843209084042
1945,-0.009982638888888892,0.02562806388827032
1946,-0.007690972222222214,0.02456371456056916
1947,-0.010364583333333333,0.026052549809231725
1948,-0.00690972222222222,0.0239827522498648
1949,-0.013888888888888888,0.028482150200001267
1950,-0.014861111111111117,0.03197343566695273
1951,-0.007256944444444448,0.022020980061881953
1952,-0.010104166666666664,0.029810782037619284
1953,-0.005590277777777777,0.01362231150562095
1954,0.0022222222222222227,0.00381296799394376
1955,-0.0026736111111111127,0.004520427955882163
1956,0.007777777777777779,0.013974605288822831
1957,0.01998263888888889,0.038046719530001515
1958,0.016684027777777777,0.030631932833633406
1959,0.018333333333333333,0.035270531845531715
1960,0.017552083333333336,0.03171156527823616
1961,0.018020833333333333,0.03540257072429753
1962,0.01560763888888889,0.029247001015206463
1963,0.0031423611111110993,0.016273511377393458
1964,0.0006944444444444385,0.005391121208598677
1965,-0.0019444444444444396,0.004487099994208363
1966,0.004305555555555552,0.0058561269289543845
1967,-0.01602430555555556,0.017165012294990976
1968,-0.046510416666666665,0.04551454595213674
1969,-0.03592013888888888,0.037091301844909066
1970,-0.04321180555555556,0.04208433960682699
1971,-0.03723958333333334,0.038668464005012455
1972,-0.042881944444444445,0.04135371477969358
1973,-0.03666666666666667,0.038990906614377555
1974,-0.046232638888888886,0.042633378359308235
1975,-0.045017361111111105,0.05013853120544162
1976,-0.039496527777777776,0.056441527604157694
1977,-0.039600694444444445,0.054297498802926995
1978,-0.041076388888888885,0.05534948761570416
1979,-0.038072916666666665,0.0553859417096297
1980,-0.04513888888888888,0.051978250474371906
1981,-0.04789930555555555,0.04499780636478568
1982,-0.052690972222222215,0.05154104550379463
1983,-0.03328125,0.03426691498623142
1984,-0.002135416666666657,0.025848502350904627
1985,-0.013003472222222215,0.025307813971442047
1986,-0.005781249999999995,0.02531833994703466
1987,-0.011614583333333334,0.025299475815963063
1988,-0.006354166666666657,0.025103302198117277
1989,-0.011388888888888886,0.02529217767498896
1990,-0.006458333333333326,0.025044231704459748
1991,-0.011440972222222224,0.02541733667339426
1992,-0.006093749999999995,0.0247676376022388
1993,-0.012013888888888893,0.0257072743869186
1994,-0.004913194444444439,0.024320140713191066
1995,-0.014253472222222223,0.026757077141941046
1996,0.0036805555555555584,0.028145354431597533
1997,0.01182291666666669,0.06656553608751345
1998,0.02237847222222223,0.04154737335542813
1999,0.02920138888888888,0.05670353639534005
2000,0.04611111111111112,0.03003799355980298
2001,0.0779513888888889,0.02746648490815446
2002,0.06713541666666667,0.023099237244652092
2003,0.07401041666666666,0.02760677071050686
2004,0.0685763888888889,0.02284131129211302
2005,0.07416666666666666,0.03019539953002407
2006,0.06140625,0.025742921846084434
2007,0.02043402777777778,0.02912145656960413
2008,-0.005173611111111113,0.009499304514828024
2009,0.0058159722222222154,0.011935672348133815
2010,0.008940972222222222,0.02874342068605161
2011,0.008958333333333329,0.023570456216416347
2012,0.009479166666666664,0.026499516832597367
2013,0.005694444444444446,0.02705518480238784
2014,-0.0016145833333333394,0.041993025266190864
2015,0.0009548611111111112,0.034441298474443584
2016,-0.00013888888888888978,0.041727328526849815
2017,-0.0024999999999999953,0.028954211337328232
2018,-0.011458333333333327,0.027076721949449083
2019,-0.006666666666666668,0.02314633962842601
2020,-0.011475694444444438,0.028838895920622973
2021,-0.0017187500000000015,0.01851597295148915
2022,0.014461805555555558,0.029705916355696485
2023,0.01805555555555556,0.03452202704187931
2024,0.017743055555555554,0.03358136166209236
2025,0.017673611111111116,0.0328411287512217
2026,0.018368055555555554,0.03510796152144636
2027,0.014618055555555554,0.02846163421017107
2028,0.006979166666666675,0.02439546861384075
2029,0.010312499999999999,0.02658944711566351
2030,0.007465277777777772,0.02326391480098059
2031,0.01069444444444444,0.028516670082743265
2032,0.004513888888888887,0.014606834569014026
2033,-0.0006597222222222143,0.00381296799394376
2034,0.00013888888888888978,0.002409882319369533
2035,6.944444444444836e-05,0.0020691065160332754
2036,-0.0001736111111111105,0.002001578755740603
2037,0.00012152777777777943,0.0020389514494262204
2038,-0.00012152777777777943,0.0021878444393729334
2039,0.00015625000000000014,0.0024390353070766874
2040,-0.0001909722222222278,0.002785633423240186
2041,0.00015625000000000014,0.0035112820397256612
2042,8.680555555555872e-05,0.005143139430182938
2043,-0.0021006944444444432,0.01269030721011873
2044,-0.01456597222222222,0.028835384020751805
2045,-0.01737847222222221,0.03399109151203862
2046,-0.01911458333333332,0.03412952916881102
2047,-0.01352430555555555,0.02888250818456797
2048,-0.008697916666666663,0.02492964275062142
2049,-0.005920138888888888,0.032489059360124764
2050,0.0017534722222222222,0.02494463028304011
2051,-0.0012500000000000011,0.0072528729939705045
2052,0.0009722222222222215,0.004323718410704116
2053,-0.0007638888888888903,0.003083442815874073
2054,0.0006249999999999936,0.0024694311648186863
2055,-0.0005902777777777798,0.002038286127977663
2056,0.00048611111111111077,0.0017312431753219333
2057,-0.0005208333333333315,0.0015450413514782628
2058,0.0004513888888888831,0.0014442107182698221
2059,-0.00048611111111111077,0.0013267342482321386
2060,0.0004513888888888831,0.001179533871629378
2061,-0.00041666666666666935,0.0011121956512532628
2062,0.0004513888888888831,0.00106343005771622
2063,-0.00034722222222222793,0.0009820927516479836
2064,0.0005381944444444418,0.0009535976489485744
2065,-0.0005034722222222281,0.0008908466396296882
2066,0.0005034722222222142,0.0008908466396296882
2067,-0.0005381944444444488,0.0008577513421552525
2068,0.0005034722222222142,0.0008407152786668932
2069,-0.0004687500000000004,0.0007812500000000007
2070,0.0004687499999999935,0.0007812500000000007
2071,-0.0005034722222222281,0.0007593377683551756
2072,0.0005381944444444418,0.0009188276821110591
2073,-0.0005729166666666695,0.0009447061014175558
2074,0.0005729166666666625,0.0009447061014175558
2075,-0.0005729166666666695,0.000978556991044581
2076,0.000694444444444442,0.001080302026812782
2077,-0.0006250000000000006,0.0011121956512532625
2078,0.0008159722222222145,0.001246256934364106
2079,-0.0006597222222222282,0.001349707758720613
2080,0.0008506944444444421,0.0014650350312354027
2081,-0.0010069444444444423,0.0016256527653777271
2082,0.0010069444444444423,0.0018881355728225743
2083,-0.00119791666666667,0.002329819713160944
2084,0.001666666666666667,0.0027599252707274516
2085,-0.0022916666666666675,0.00398565134785604
2086,0.004392361111111118,0.006274666794618474
2087,-0.01557291666666668,0.018359430407717807
2088,-0.04782986111111111,0.04332913544147529
2089,-0.03253472222222223,0.04164503199903462
2090,-0.05848958333333333,0.026105390783349496
2091,-0.08243055555555556,0.013895441162770784
2092,-0.0634201388888889,0.029869230364208486
2093,-0.06376736111111111,0.03462417145491056
2094,-0.06046875,0.033177083333333336
2095,-0.06409722222222222,0.0336306546142645
2096,-0.060260416666666664,0.03326722774503878
2097,-0.06484375,0.03405250394866156
2098,-0.05690972222222222,0.033233719791393196
2099,-0.05420138888888889,0.0400815983878012
2100,-0.04927083333333333,0.036903972845827256
2101,-0.043750000000000004,0.03976043167626999
2102,-0.044375,0.04190983729156623
2103,-0.04479166666666667,0.034759060319657024
2104,-0.04378472222222222,0.04353816384545805
2105,-0.045347222222222226,0.03729659663771177
2106,-0.04286458333333333,0.04274341166134716
2107,-0.048524305555555564,0.035203988507119664
2108,-0.054600694444444445,0.04120312540233476
2109,-0.05022569444444445,0.03497050554679332
2110,-0.04217013888888889,0.04232199141430347
2111,-0.04664930555555556,0.038110169809652185
2112,-0.04121527777777778,0.04216034219606746
2113,-0.05284722222222222,0.035896850332748254
2114,-0.06366319444444445,0.02966973254061512
2115,-0.061927083333333334,0.03567373767767871
2116,-0.06175347222222223,0.032666032042505656
2117,-0.06305555555555556,0.03358394649518365
2118,-0.060659722222222226,0.03399248807834126
2119,-0.06633680555555556,0.030470095332755222
2120,-0.07366319444444444,0.015855865804822036
2121,-0.08505208333333333,0.007159706225060261
2122,-0.06381944444444444,0.01768305657880265
2123,-0.033038194444444446,0.04494231033445324
2124,-0.04762152777777778,0.03907918239452085
2125,-0.0445486111111111,0.051426295507247706
2126,-0.03987847222222221,0.057119356304844535
2127,-0.037100694444444436,0.050043146049500484
2128,-0.02894097222222223,0.04838618909601519
2129,-0.03277777777777778,0.0465587583424973
2130,-0.02949652777777778,0.048276854898040435
2131,-0.032795138888888895,0.04649154178205296
2132,-0.028906249999999998,0.04813382066531056
2133,-0.033802083333333344,0.04659525902988951
2134,-0.025451388888888885,0.0487338851372532
2135,-0.023385416666666665,0.05306821413579413
2136,-0.019704861111111114,0.0527676371151563
2137,-0.028368055555555556,0.04958875534469284
2138,-0.026875000000000003,0.04759151454770529
2139,-0.02321180555555556,0.054714953977444386
2140,-0.015000000000000001,0.05116555967179268
2141,-0.0021701388888888916,0.05794199762880825
2142,-0.005208333333333336,0.05608598774055186
2143,-0.004548611111111114,0.0561814032177502
2144,-0.003402777777777779,0.057340309737183785
2145,-0.0063715277777777815,0.05493911747169473
2146,0.00019097222222222432,0.059745294416862334
2147,-0.020833333333333336,0.0465416386899349
2148,-0.050590277777777776,0.03953298454814601
2149,-0.040954861111111115,0.04055529171931874
2150,-0.04694444444444444,0.03902478117202827
2151,-0.04199652777777778,0.04123173244617691
2152,-0.04914930555555555,0.03703089186939395
2153,-0.053975694444444444,0.038426037918874056
2154,-0.05293402777777778,0.03774818607800624
2155,-0.05371527777777778,0.03750996523970598
2156,-0.05282986111111111,0.038318678163022084
2157,-0.05418402777777778,0.036865750206538525
2158,-0.05197916666666667,0.039529980491253586
2159,-0.05723958333333334,0.03348439889886117
2160,-0.06352430555555555,0.03487076300233433
2161,-0.059270833333333335,0.03270567929784265
2162,-0.0509375,0.03988413666658574
2163,-0.055572916666666666,0.037560173076844304
2164,-0.05262152777777778,0.03603581643405174
2165,-0.07038194444444444,0.03154350974971312
2166,-0.04397569444444445,0.04132146134783382
2167,-0.03696180555555556,0.06781832456709021
2168,-0.022673611111111106,0.03641459016030814
2169,0.01784722222222222,0.024568297151468185
2170,0.0036458333333333377,0.025958199571618986
2171,0.012534722222222218,0.02454288888989494
2172,0.0060937499999999985,0.025655522557017064
2173,0.011180555555555562,0.024685204612777494
2174,0.007048611111111113,0.025597296640333136
2175,0.010468750000000002,0.02478778199607061
2176,0.007621527777777776,0.02559346359070364
2177,0.00993055555555556,0.024778873527714473
2178,0.007795138888888886,0.025970835385210656
2179,0.011770833333333341,0.026410718310312324
2180,0.022743055555555558,0.03589256785839007
2181,0.026875000000000003,0.03799185539545139
2182,0.027621527777777776,0.038397130292246895
2183,0.022291666666666668,0.03967970724018345
2184,0.01833333333333333,0.055816228723274464
2185,0.01125,0.04018322834563915
2186,-0.0026736111111111127,0.0412531856701043
2187,-0.0012847222222222288,0.030289203692726988
2188,-0.012013888888888893,0.02497486197579231
2189,-0.006857638888888875,0.025701206176735037
2190,-0.010364583333333333,0.02468821421259433
2191,-0.008124999999999986,0.026104091846128476
2192,-0.007118055555555558,0.026902754474262842
2193,0.005243055555555549,0.04383097114639148
2194,0.011909722222222217,0.04035956136620961
2195,0.020069444444444445,0.03244010833610184
2196,0.015972222222222224,0.03416807810996099
2197,0.019375000000000003,0.033141374359619495
2198,0.01614583333333333,0.03330109117748413
2199,0.019600694444444445,0.03454783028849636
2200,0.013524305555555557,0.02917518580115019
2201,0.007829861111111117,0.023281767849903944
2202,0.009878472222222226,0.02889102243223289
2203,0.005434027777777777,0.014115693717427717
2204,-0.0015798611111111117,0.0032483840504231054
2205,0.000989583333333332,0.0017250515793415843
2206,-0.00074652777777778,0.0013627089898048904
2207,0.0005034722222222211,0.001297445443856486
2208,-0.00015625000000000014,0.0016212898350284786
2209,-0.000399305555555559,0.0028826241668298285
2210,0.0031076388888888855,0.01025524521864781
2211,0.010486111111111113,0.02911942271613549
2212,0.008055555555555559,0.02270822714891926
2213,0.009027777777777787,0.027309331292019654
2214,0.011493055555555552,0.02448903957719821
2215,0.02013888888888889,0.037088047193115536
2216,0.016006944444444445,0.030566049334409907
2217,0.019340277777777776,0.03579104955704794
2218,0.01621527777777778,0.030626928951597042
2219,0.01942708333333333,0.036886216808604655
2220,0.013802083333333333,0.02597872602205825
2221,0.007274305555555558,0.027235112673990702
2222,0.012725694444444442,0.02452053365443547
2223,0.01866319444444444,0.03764609930551271
2224,0.01987847222222222,0.03035080249189478
2225,0.02956597222222222,0.04163685637898505
2226,0.02418402777777778,0.03443037504574841
2227,0.02953125,0.04149629883303182
2228,0.021093749999999998,0.031242750895318812
2229,0.01876736111111111,0.03751192984749635
2230,0.013628472222222219,0.02589943217335095
2231,0.00828125,0.027267055139984307
2232,0.008663194444444442,0.023500102863332133
2233,0.009774305555555557,0.027017910877754823
2234,0.005329861111111108,0.025477316687706926
2235,-0.0014756944444444427,0.04526036339126558
2236,0.0012673611111111115,0.020464037366266022
2237,-0.003628472222222224,0.010514715057258543
2238,-0.010538194444444444,0.029994538991446655
2239,-0.007552083333333324,0.021518990422060284
2240,-0.010538194444444437,0.02960493004886691
2241,-0.004635416666666659,0.013691578064483048
2242,0.0009722222222222285,0.002957102312992598
2243,-0.0003819444444444417,0.001489822080064231
2244,0.0002430555555555658,0.0010952646038602442
2245,-0.00010416666666666213,0.000902109795608791
2246,3.472222222222765e-05,0.0008582782704380753
2247,3.472222222222765e-05,0.0008061240809891604
2248,-6.944444444443448e-05,0.0008238757303961585
2249,0.00010416666666667601,0.0007864410870073704
2250,-0.0001041666666666552,0.0007864410870073704
2251,0.00017361111111111743,0.0008913540036801004
2252,-1.7361111111096478e-05,0.0008867772770223712
2253,8.680555555555872e-05,0.000894897497837492
2254,-0.00015625000000000014,0.0010112754082785217
2255,3.472222222222765e-05,0.0011213718931913305
2256,-3.472222222221377e-05,0.0012053163165076247
2257,0.00010416666666666907,0.0013217268271301594
2258,-0.00024305555555555192,0.0015609560272909038
2259,0.00034722222222222793,0.0018455114258219896
2260,-0.0005208333333333245,0.002147450846675864
2261,0.0008333333333333387,0.0028086393255651585
2262,-0.0014062499999999943,0.004297742967890885
2263,0.004531249999999997,0.011282865766100091
2264,0.006649305555555551,0.032063340218637236
2265,-0.001996527777777767,0.03792283873885389
2266,0.0007812500000000007,0.03928619974560264
2267,0.00194444444444445,0.031095373623779936
2268,0.01197916666666667,0.024725489406458447
2269,0.006111111111111109,0.026792149065411122
2270,0.013975694444444443,0.024956517210016665
2271,0.018124999999999995,0.03711579805524566
2272,0.015538194444444445,0.02680623582362201
2273,0.005590277777777784,0.02576264877967834
2274,0.012309027777777776,0.02688330356398033
2275,0.002795138888888892,0.016027615674729066
2276,0.001267361111111115,0.0051269392314994
2277,-0.002447916666666664,0.003730054014540392
2278,0.0034895833333333445,0.0038783727481523883
2279,-0.005763888888888883,0.005555338537427948
2280,0.01725694444444445,0.01715038782270348
2281,0.047361111111111125,0.04666739004068983
2282,0.04958333333333333,0.04748652038268918
2283,0.04699652777777778,0.047559714257292794
2284,0.052829861111111105,0.048082872098251586
2285,0.03847222222222223,0.04588821156935571
2286,0.03430555555555556,0.046258627615375976
2287,0.01395833333333334,0.0591266736901939
2288,-0.011440972222222234,0.09401035254435075
2289,-0.020815972222222222,0.06505182386598315
2290,-0.05826388888888889,0.04470003007877298
2291,-0.04274305555555555,0.04811311130609274
2292,-0.05390624999999999,0.04704278420764384
2293,-0.04472222222222222,0.04707594531924576
2294,-0.052708333333333336,0.047656449225448774
2295,-0.04538194444444445,0.046593198720977176
2296,-0.05220486111111111,0.048056010279038386
2297,-0.04545138888888889,0.04604770207216146
2298,-0.052604166666666674,0.048728627793799675
2299,-0.044357638888888884,0.04480286587491597
2300,-0.055572916666666666,0.051594397751502805
2301,-0.030763888888888882,0.033884156944226716
2302,-0.004704861111111104,0.02695532090938507
2303,-0.01053819444444444,0.024138319751393727
2304,-0.008211805555555556,0.026926590815038665
2305,-0.009114583333333332,0.023158817708890302
2306,-0.009357638888888884,0.02878742887857551
2307,-0.005833333333333329,0.014459669126574091
2308,0.0019618055555555534,0.004679165687559675
2309,-0.0019618055555555534,0.005647913934313587
2310,0.004236111111111107,0.014254561214997073
2311,0.009531249999999995,0.020308559981124814
2312,0.00887152777777778,0.029912186818006795
2313,0.008489583333333339,0.023378919847357505
2314,0.00979166666666667,0.02666727701124441
2315,0.005173611111111115,0.027172374109334915
2316,-0.0009027777777777662,0.04214515478848146
2317,-0.0021180555555555536,0.0360230797984234
2318,-0.012013888888888893,0.05062041541121844
2319,-0.003940972222222217,0.038021138538856185
2320,0.00039930555555555206,0.03994215184876015
2321,5.208333333333107e-05,0.03580701704440145
2322,-0.00026041666666666227,0.039829586262479275
2323,0.00027777777777777263,0.03542813675919741
2324,-0.0008854166666666698,0.04120555396971856
2325,0.0032986111111111133,0.02979880855213079
2326,0.010850694444444448,0.025529506509972866
2327,0.007065972222222227,0.024901964658364823
2328,0.011093750000000003,0.02574671508510574
2329,0.00526041666666667,0.025298189112974732
2330,0.017222222222222226,0.02752127666674066
2331,0.002743055555555554,0.03940069647011645
2332,-0.029131944444444446,0.05524640546097117
2333,-0.01824652777777778,0.0510602792264181
2334,-0.02265625,0.05253205143482776
2335,-0.008923611111111108,0.05663700033634166
2336,-0.04234375,0.0404604372629232
2337,-0.06559027777777778,0.035441763303113896
2338,-0.06102430555555556,0.03231548274225482
2339,-0.06302083333333333,0.0348173869500251
2340,-0.06140625,0.03195324173097396
2341,-0.06411458333333334,0.03549474390128848
2342,-0.05524305555555555,0.0314706714828306
2343,-0.041180555555555554,0.0434872511295261
2344,-0.04659722222222222,0.03763011121511241
2345,-0.042708333333333334,0.04159316433555452
2346,-0.045885416666666665,0.03830448557873332
2347,-0.042916666666666665,0.041315315503320175
2348,-0.045954861111111106,0.038369049289544405
2349,-0.04267361111111111,0.04212652772717882
2350,-0.04850694444444445,0.03657430299096199
2351,-0.05555555555555555,0.04016034425133582
2352,-0.04220486111111111,0.04291369227938973
2353,0.010034722222222223,0.04813671043589816
2354,0.028211805555555556,0.03750112925897435
2355,0.027343750000000003,0.03998239765691689
2356,0.022760416666666665,0.033725597209212706
2357,0.01684027777777778,0.03410227813839415
2358,0.017934027777777778,0.033060264786225466
2359,0.017864583333333333,0.033665701370753025
2360,0.017552083333333333,0.03303023821114105
2361,0.018437500000000002,0.03445224905978966
2362,0.01546875,0.030255396169870816
2363,0.0014583333333333393,0.019200886571689568
2364,-0.012604166666666666,0.029322315343153472
2365,-0.00362847222222221,0.02626304629685778
2366,-0.00012152777777777249,0.04188162505750656
2367,0.0009027777777777801,0.034736559539955005
2368,-0.0015277777777777737,0.041179560134118796
2369,0.004270833333333335,0.03016699758105794
2370,0.009513888888888891,0.02468996608248624
2371,0.008923611111111118,0.02607627330200747
2372,0.00852430555555556,0.023705597554597203
2373,0.009843750000000005,0.027977671606246014
2374,0.005295138888888894,0.014916751128071453
2375,-0.0012673611111111045,0.003997167267111226
2376,0.0005208333333333384,0.00255792274121014
2377,-0.00027777777777777263,0.002324314995997162
2378,0.00017361111111111743,0.0024765002779210854
2379,-0.00013888888888888284,0.0032462956690646103
2380,3.472222222222071e-05,0.005333789947178018
2381,-0.00010416666666666213,0.016675453412959357
2382,0.00020833333333334508,0.04177966448624659
2383,-0.0006249999999999867,0.03716239815735195
2384,0.003124999999999996,0.03237707120144336
2385,0.010868055555555561,0.02478040613395148
2386,0.00722222222222222,0.02576054279708829
2387,0.010625000000000006,0.02538697890487694
2388,0.006562500000000006,0.024824252044791467
2389,0.014236111111111106,0.028290643049992677
2390,0.014791666666666668,0.030962041332448065
2391,0.007465277777777779,0.023985014330261296
2392,0.00947916666666667,0.026446232469022037
2393,0.008645833333333332,0.024392132511779737
2394,0.00885416666666667,0.026066862810962804
2395,0.009201388888888894,0.024555780424121206
2396,0.008020833333333331,0.0264380253428235
2397,0.012430555555555552,0.025952044858358402
2398,0.01920138888888889,0.03539172256119735
2399,0.016909722222222222,0.03223582013727647
2400,0.01828125,0.03400020584343326
2401,0.01734375,0.032663559123556264
2402,0.01810763888888889,0.033840297194569983
2403,0.017378472222222222,0.03264543097113125
2404,0.0184375,0.03408622389943219
2405,0.016979166666666667,0.03211781156063477
2406,0.01909722222222222,0.035449263321848154
2407,0.013784722222222223,0.027126745833331592
2408,0.00795138888888889,0.026766216816246573
2409,0.009097222222222222,0.023648560986419338
2410,0.009340277777777777,0.02813674309027957
2411,0.005763888888888895,0.014947906584717209
2412,-0.0018055555555555533,0.004160875605262567
2413,0.0012152777777777735,0.00266570801634295
2414,-0.00119791666666667,0.002258880046062649
2415,0.0011631944444444424,0.0021894969941042073
2416,-0.0013020833333333391,0.002547828085132293
2417,0.0017187500000000015,0.0036625361441144093
2418,-0.004288194444444445,0.010870232409785307
2419,-0.009565972222222215,0.02851716156227111
2420,-0.008888888888888884,0.023400485174549714
2421,-0.008680555555555546,0.026343779976331378
2422,-0.00916666666666667,0.024296302802301235
2423,-0.008454861111111118,0.02592609191518457
2424,-0.009427083333333332,0.024479000442698042
2425,-0.008159722222222221,0.02575780476230145
2426,-0.009583333333333333,0.024593924272289503
2427,-0.008003472222222214,0.025766702311570976
2428,-0.010017361111111112,0.024517583379533484
2429,-0.007482638888888893,0.02598253123724859
2430,-0.010659722222222223,0.0244032263760702
2431,-0.006284722222222223,0.02648290543876172
2432,-0.013368055555555546,0.024059468503924982
2433,0.0065972222222222265,0.03292142780850517
2434,0.04315972222222223,0.049376855723839284
2435,0.04970486111111111,0.04677564380215103
2436,0.04763888888888889,0.04809096720324109
2437,0.051579861111111104,0.04689819706372444
2438,0.04055555555555555,0.050208717533492375
2439,0.03048611111111111,0.06495660128235099
2440,0.02696180555555556,0.05769910101724551
2441,0.02397569444444443,0.0692607139816928
2442,0.0078298611111111,0.053528945495717434
2443,-0.025468750000000005,0.053333562214678144
2444,-0.012934027777777767,0.047904339321097986
2445,-0.021093749999999994,0.05394971074123103
2446,-0.01760416666666666,0.042663721618737285
2447,-0.031493055555555566,0.03820994003851502
2448,-0.022326388888888885,0.03726899657503374
2449,-0.03104166666666666,0.03928726999084224
2450,-0.019965277777777773,0.03531140744513269
2451,-0.01711805555555555,0.02933684644629651
2452,-0.0031249999999999924,0.025233501554371013
2453,-0.016458333333333332,0.027121767600541406
2454,0.010451388888888899,0.030622559111596306
2455,0.03427083333333332,0.051051019551251096
2456,0.030729166666666672,0.04587509934140017
2457,0.030208333333333327,0.04766749070528979
2458,0.0329513888888889,0.047640989385179286
2459,0.028107638888888897,0.04616387347501096
2460,0.036684027777777774,0.05060153979828639
2461,0.013454861111111112,0.035855805729262294
2462,-0.01348958333333333,0.023234596245117128
2463,-0.007430555555555555,0.029388951244420293
2464,-0.006510416666666668,0.013892197956497019
2465,0.0019444444444444396,0.0034209759973860302
2466,-0.0006423611111111109,0.0024704684205269648
2467,-0.00034722222222221405,0.0032839586850418397
2468,0.003385416666666665,0.009931541933335987
2469,0.009756944444444443,0.030503862523589116
2470,0.011475694444444445,0.022949267898719365
2471,0.019878472222222224,0.038859771000094474
2472,0.016666666666666666,0.02662859424096586
2473,0.01840277777777778,0.03558353594681668
2474,0.017847222222222223,0.03370655139386532
2475,0.014965277777777779,0.028245476701403115
2476,0.006961805555555544,0.026209419185316486
2477,0.010190972222222223,0.02469500125333073
2478,0.007899305555555559,0.025867711826575365
2479,0.009774305555555557,0.024521418667688873
2480,0.00810763888888889,0.02597751937402669
2481,0.009565972222222222,0.024245815720605524
2482,0.008350694444444442,0.026328793276952984
2483,0.009288194444444443,0.023915225156987616
2484,0.00885416666666667,0.02690042402082168
2485,0.00868055555555556,0.0230661684910612
2486,0.009861111111111112,0.02898384334684275
2487,0.003124999999999996,0.0189262549121584
2488,-0.01572916666666667,0.029122362183838495
2489,-0.01701388888888889,0.03428843618058247
2490,-0.018715277777777768,0.033317198062388066
2491,-0.01673611111111111,0.032834850559511186
2492,-0.018923611111111106,0.03399732906402582
2493,-0.016284722222222214,0.03217635474667617
2494,-0.020138888888888887,0.03524379104322867
2495,-0.010312499999999995,0.030438063250549374
2496,0.002829861111111113,0.0413672145954195
2497,-0.0019270833333333327,0.035526522332793846
2498,0.001996527777777781,0.03969763361561724
2499,-0.004618055555555563,0.03754230188655669
2500,-0.009114583333333325,0.04855063512465048
2501,-0.009409722222222222,0.04309415272665648
2502,-0.007899305555555538,0.04728246578487951
2503,-0.01069444444444445,0.04342332846808169
2504,-0.0054166666666666564,0.047857186815159866
2505,-0.017638888888888888,0.03986144381394255
2506,0.00017361111111111743,0.03212612511240119
2507,0.04010416666666665,0.05307626441028042
2508,0.025572916666666674,0.04423960295502273
2509,0.03543402777777778,0.049560912613916104
2510,0.027239583333333338,0.04548592888534321
2511,0.034600694444444455,0.048798476338104295
2512,0.027586805555555562,0.045990238712246466
2513,0.03480902777777778,0.0483408689897046
2514,0.02699652777777778,0.047162675001434076
2515,0.03795138888888888,0.04491965993599498
2516,0.03791666666666666,0.037669178566686175
2517,0.04314236111111111,0.043012442712611766
2518,0.03571180555555556,0.036120729388145464
2519,0.04654513888888888,0.04610672160018343
2520,0.02163194444444445,0.022207433229970104
2521,-0.003906250000000007,0.004600170305573238
2522,0.001215277777777777,0.0020114928274944763
2523,-0.00027777777777777957,0.0011871750692554704
2524,-0.0005034722222222211,0.0008010605552124541
2525,0.0008506944444444421,0.0007351359499909773
2526,-0.001197916666666663,0.0007529600153542174
2527,0.0015104166666666634,0.0009214482298413618
2528,-0.001736111111111105,0.0011034894848660221
2529,0.0022743055555555607,0.0013250292988258472
2530,-0.0026562500000000024,0.0016010860571811873
2531,0.0034201388888888892,0.0020264960989459634
2532,-0.004288194444444449,0.0028938946514788714
2533,0.0059722222222222225,0.004416824988427215
2534,-0.011406249999999991,0.011930721788552165
2535,0.01003472222222222,0.03357091260063548
2536,0.030902777777777782,0.05153186051884747
2537,0.02123263888888889,0.05207004749528528
2538,0.020208333333333342,0.05197196426386484
2539,0.028107638888888894,0.05306619214659219
2540,0.0017708333333333274,0.04403762102989014
2541,-0.007447916666666665,0.041384755951601446
2542,0.031197916666666672,0.05269147560623539
2543,0.017170138888888895,0.05273081620936386
2544,0.02498263888888888,0.05060897296697866
2545,0.022031250000000013,0.055133818620962276
2546,0.01277777777777778,0.044154613244327845
2547,-0.01661458333333334,0.047420695173406795
2548,-0.003055555555555551,0.04619478164338746
2549,-0.016475694444444446,0.03960413455027241
2550,-0.01586805555555555,0.033541109524933437
2551,-0.019739583333333338,0.033169887367179726
2552,-0.016093749999999997,0.0353495457719717
2553,-0.01739583333333333,0.02813310068525449
2554,-0.0013020833333333356,0.02892051074653209
2555,-0.003211805555555553,0.0425071232740071
2556,0.01336805555555556,0.04209062379553092
2557,0.05835069444444445,0.049700688933057305
2558,0.07282986111111112,0.04731786996879179
2559,0.0690625,0.04765633538243717
2560,0.05529513888888888,0.04624770924110895
2561,0.059114583333333325,0.034447563877842736
2562,0.051909722222222225,0.030724026563199242
2563,0.024305555555555566,0.05626307289789263
2564,0.03802083333333333,0.037370435897466685
2565,0.039149305555555555,0.044723276951201346
2566,0.04057291666666667,0.03588420716394222
2567,0.040156250000000004,0.04427098651934282
2568,0.03881944444444444,0.03536524385053813
2569,0.04342013888888888,0.04675244073004981
2570,0.02463541666666666,0.02178858178053231
2571,-0.006788194444444442,0.004604361745909127
2572,0.004218749999999997,0.00263574602685
2573,-0.002951388888888889,0.002414380703637842
2574,0.0018923611111111086,0.0028345436719041917
2575,-0.001145833333333339,0.004196507724684101
2576,-0.0020486111111111052,0.011441380556699
2577,-0.010937499999999996,0.028303446246781407
2578,-0.010173611111111099,0.02573279795187649
2579,-0.020885416666666667,0.034876743845788157
2580,-0.01607638888888889,0.03434535056903447
2581,-0.01623263888888889,0.027460212738820246
2582,-0.006059027777777771,0.027942140680178657
2583,-0.00842013888888889,0.015406271911686515
2584,0.004131944444444452,0.004574512766674626
2585,-0.0032118055555555546,0.002875085965569305
2586,0.002899305555555561,0.002228790747984761
2587,-0.0027256944444444438,0.0018802171501280905
2588,0.0026215277777777816,0.0016175674335267068
2589,-0.002586805555555561,0.0014797737734277797
2590,0.0023611111111111194,0.0013945198352793902
2591,-0.0023263888888888917,0.0013308172150511665
2592,0.002291666666666664,0.0012013086036115424
2593,-0.002135416666666671,0.0011704273465752216
2594,0.002135416666666664,0.0011327376651526857
2595,-0.0020138888888888914,0.0011468850392301222
2596,0.001979166666666664,0.0011552642194176486
2597,-0.002083333333333333,0.0012281068877657924
2598,0.00210069444444445,0.0015583471045638303
2599,-0.0025173611111111126,0.00238100534208624
2600,0.004791666666666673,0.008898784639238978
2601,0.00960069444444444,0.031942977208152104
2602,0.005833333333333329,0.01267627445378877
2603,-0.002239583333333326,0.0037445707225038944
2604,0.0034548611111111065,0.010290102056244732
2605,0.01276041666666667,0.02974140756226447
2606,-0.006180555555555557,0.027902973078792206
2607,-0.03871527777777778,0.053618104574082844
2608,-0.02612847222222222,0.04315608014600808
2609,-0.03519097222222223,0.05058588368871965
2610,-0.027673611111111114,0.04471046688154165
2611,-0.03220486111111111,0.050928922273488594
2612,-0.013072916666666668,0.05177662295762281
2613,-0.01925347222222222,0.0543260015192419
2614,-0.02107638888888889,0.05156957256021432
2615,-0.023940972222222225,0.053526377811544734
2616,-0.020381944444444446,0.050459214522690636
2617,-0.023993055555555556,0.05437774932740027
2618,-0.02050347222222222,0.04985385966014184
2619,-0.024791666666666667,0.0553327999472284
2620,-0.04479166666666666,0.0310752055951007
2621,-0.08211805555555556,0.028328077705642392
2622,-0.05348958333333334,0.02049470894201856
2623,-0.03883680555555556,0.047541306687254994
2624,-0.04057291666666667,0.03605524942757604
2625,-0.034687499999999996,0.04486246826722509
2626,-0.017656249999999995,0.05458912282432432
2627,-0.02335069444444444,0.05103888231729122
2628,-0.007343749999999993,0.057104072608763594
2629,-0.01901041666666666,0.05339029449260366
2630,-0.007135416666666665,0.057316495566830494
2631,-0.022447916666666665,0.05161458333333334
2632,-0.01866319444444444,0.05232919112989818
2633,-0.05199652777777777,0.035037049290902296
2634,-0.07305555555555557,0.02726970242823877
2635,-0.07168402777777777,0.024903271833498452
2636,-0.06961805555555556,0.026492054371645982
2637,-0.07324652777777778,0.024643098892248052
2638,-0.06880208333333335,0.026758113466474467
2639,-0.07157986111111111,0.026290575498648834
2640,-0.05555555555555556,0.03554916324374242
2641,-0.0712326388888889,0.03353656667720473
2642,-0.038940972222222224,0.03844937413826431
2643,-0.009045138888888887,0.058789739092380354
2644,-0.014218750000000004,0.053715089801617516
2645,-0.01362847222222222,0.055380738949784965
2646,-0.012204861111111114,0.05532029451340759
2647,-0.015086805555555558,0.05420289308984728
2648,-0.010833333333333334,0.056591268006498434
2649,-0.018767361111111113,0.05147988670393666
2650,-0.02121527777777777,0.054455050518810215
2651,-0.026319444444444444,0.04811728333194751
2652,-0.03215277777777778,0.04827244378617584
2653,-0.028315972222222225,0.047186136257989605
2654,-0.019791666666666673,0.05423153167464274
2655,-0.024131944444444442,0.05066812244725718
2656,-0.020520833333333335,0.05361811581685803
2657,-0.023593749999999997,0.05073528902993841
2658,-0.020364583333333332,0.055322037980218355
2659,0.0013020833333333322,0.047571018957113534
2660,0.03515625,0.03278425537012562
2661,0.020225694444444442,0.040824005837775734
2662,0.03256944444444444,0.0364871248748898
2663,0.02095486111111111,0.03848792314617287
2664,0.032517361111111115,0.03744302271889827
2665,0.019947916666666662,0.03798389329931321
2666,0.036614583333333325,0.03777736688527566
2667,0.027621527777777776,0.03981662868997499
2668,0.030746527777777775,0.03772662121119671
2669,0.01875,0.037940554517341116
2670,0.021284722222222226,0.0279465575534717
2671,0.012829861111111108,0.037018680799100735
2672,0.025885416666666664,0.035696542746637236
2673,0.022951388888888886,0.05880503316174833
2674,0.03201388888888888,0.05043390526376399
2675,0.01810763888888889,0.05707691495833727
2676,0.022031250000000002,0.06659161221085039
2677,0.012326388888888887,0.05515949315911983
2678,0.024479166666666673,0.05043291318810454
2679,0.007517361111111117,0.049172897758206636
2680,0.017361111111111115,0.03972455922612454
2681,0.013142361111111115,0.03223154218213958
2682,0.023975694444444442,0.03456290271822396
2683,0.010503472222222227,0.03245441830410093
2684,0.026493055555555554,0.03479533968192072
2685,0.007656250000000002,0.035730267536490216
2686,0.030520833333333334,0.056382656076580856
2687,-0.00151041666666666,0.04965574303985671
2688,0.0379861111111111,0.06610384348183536
2689,0.028715277777777777,0.05395269123583648
2690,0.010486111111111116,0.027486822565324903
2691,0.005017361111111115,0.029547453341007973
2692,0.051180555555555556,0.03915150354140271
2693,-0.010850694444444444,0.044262597954059894
2694,-0.03170138888888889,0.03478405951987345
2695,-0.056527777777777774,0.045157528202892844
2696,-0.0823090277777778,0.0664360544952965
2697,-0.11128472222222223,0.06893172706204433
2698,-0.14869791666666668,0.10107979574824509
2699,-0.1677777777777778,0.11642040084051973
2700,-0.19940972222222222,0.14367411526971013
2701,-0.21213541666666666,0.15197714079355726
2702,-0.25369791666666663,0.18300183838301326
2703,-0.23314236111111108,0.20615908329234256
2704,-0.29420138888888886,0.21394292134076556
2705,-0.24902777777777776,0.2538336250598686
2706,-0.35149305555555554,0.28721135033421374
2707,-0.3722395833333333,0.31599130026729855
2708,-0.4074305555555556,0.34867948366694435
2709,-0.45260416666666664,0.39167162563350044
2710,-0.5225347222222222,0.4255371514732299
2711,-0.5625694444444445,0.457371891163826
2712,-0.61296875,0.4982521778651809
2713,-0.6529166666666667,0.5373663532974967
2714,-0.7018576388888889,0.5732666400032411
2715,-0.7582986111111113,0.6017189751599291
2716,-0.7774826388888888,0.6492459440940315
2717,-0.8062152777777779,0.679883607475946
2718,-0.8545138888888888,0.7029870020615712
2719,-0.8516145833333333,0.7420624108767973
2720,-0.8604340277777778,0.7726139564658348
2721,-0.877951388888889,0.7981623263468777
2722,-0.9321527777777778,0.8150359322404003
2723,-0.9330555555555555,0.8484997710647384
2724,-0.9825694444444445,0.8885603600243687
2725,-0.9817361111111111,0.918674855334824
2726,-1.0747222222222224,0.9366919427802117
2727,-1.0955381944444442,0.976957879992291
2728,-1.1603993055555557,1.0060976625411164
2729,-1.1434374999999999,1.0270977010489315
2730,-1.2069965277777779,1.0619549313632026
2731,-1.205763888888889,1.0847807299228538
2732,-1.2355555555555553,1.1075669467885187
2733,-1.2778819444444443,1.1347877633050656
2734,-1.2468402777777776,1.1465620546814463
2735,-1.232361111111111,1.1446632720226133
2736,-1.221701388888889,1.1573377354608645
2737,-1.2260416666666667,1.1747215243291587
2738,-1.2111458333333331,1.153884818173422
2739,-1.2131597222222223,1.1681751821421473
2740,-1.2260069444444446,1.1858442978471064
2741,-1.2174999999999998,1.1876243218913618
2742,-1.2383854166666668,1.2098975877534273
2743,-1.2985243055555555,1.2083577485210977
2744,-1.3404166666666666,1.2110624666701069
2745,-1.3315624999999998,1.216742327841483
2746,-1.3552604166666664,1.214734947342838
2747,-1.3831423611111107,1.2150585497948214
2748,-1.3747743055555557,1.214670182561518
2749,-1.3802777777777777,1.2151509665980718
2750,-1.3750173611111112,1.2145590445337195
2751,-1.3819791666666668,1.2153507393772636
2752,-1.362690972222222,1.2148290700653284
2753,-1.3265798611111108,1.2134081939842445
2754,-1.3238194444444447,1.1898655876632651
2755,-1.3098611111111111,1.1747807642241708
2756,-1.3247222222222224,1.1775854657630211
2757,-1.283559027777778,1.1775778143653661
2758,-1.22359375,1.1731925290326184
2759,-1.262083333333333,1.1657610277717847
2760,-1.2575347222222222,1.1619563809252218
2761,-1.2884027777777776,1.1531306171238946
2762,-1.2721180555555558,1.149698979112925
2763,-1.2597395833333331,1.143125703604136
2764,-1.2455555555555555,1.138255294094918
2765,-1.2407291666666669,1.1147952826126495
2766,-1.2325,1.1118241939238618
2767,-1.210625,1.1003569250080605
2768,-1.205,1.105571909448592
2769,-1.1682118055555553,1.079630178197546
2770,-1.1585069444444445,1.0779138005471995
2771,-1.1583159722222223,1.0631961319351675
2772,-1.11265625,1.0545725618955537
2773,-1.1076041666666665,1.046747302535136
2774,-1.1,1.0318348404763396
2775,-1.0767708333333332,1.0313536774482899
2776,-1.0689583333333332,1.019895349257707
2777,-1.0324131944444443,1.0114252258439456
2778,-1.0522395833333336,0.9865726584248941
2779,-0.98546875,0.9743788878677514
2780,-0.9904340277777777,0.9652972471620171
2781,-0.9912152777777778,0.9555094938783127
2782,-0.9982465277777779,0.9446966780787435
2783,-0.9433159722222221,0.9346226628465343
2784,-0.9502604166666666,0.9240954323900007
2785,-0.9415798611111111,0.8983954306105939
2786,-0.90609375,0.8913433399993992
2787,-0.9303993055555556,0.88503745436744
2788,-0.91171875,0.861029104132992
2789,-0.8557118055555555,0.8467637265814069
2790,-0.8702951388888889,0.8400416996835766
2791,-0.8728645833333333,0.8279523683403844
2792,-0.875,0.8215415264006406
2793,-0.8326909722222221,0.8061388754362859
2794,-0.8446006944444444,0.805989997681339
2795,-0.8422395833333333,0.8062793535381146
2796,-0.86328125,0.8001737566973299
2797,-0.830954861111111,0.7923485445569008
2798,-0.8056944444444445,0.773911383695114
2799,-0.8115451388888889,0.7778675142383003
2800,-0.8241666666666667,0.760989225084327
2801,-0.8209027777777776,0.7540721330088246
2802,-0.7866840277777777,0.7265870973949309
2803,-0.7595312499999999,0.719760297269288
2804,-0.7877430555555555,0.6995089311391538
2805,-0.7802256944444445,0.6883984171267703
2806,-0.7471006944444444,0.67230272081182
2807,-0.7393229166666666,0.6581418848241585
2808,-0.7443055555555557,0.6433390894229516
2809,-0.708454861111111,0.6250879666586449
2810,-0.7007812499999999,0.600104322618304
2811,-0.6524305555555554,0.5935746136758089
2812,-0.6381944444444445,0.5711668406408131
2813,-0.658611111111111,0.5536174167823278
2814,-0.6168576388888889,0.5465000944320292
2815,-0.6203645833333333,0.5283895442996329
2816,-0.5889930555555555,0.5316475387138783
2817,-0.5611284722222222,0.5103745001597266
2818,-0.5720312500000001,0.4956277831337369
2819,-0.4961284722222222,0.49449942179576556
2820,-0.503732638888889,0.48341938072305424
2821,-0.5082465277777779,0.45155084734687384
2822,-0.4634895833333333,0.4590688729844676
2823,-0.44689236111111114,0.43858205069676925
2824,-0.4855729166666667,0.4192127709537595
2825,-0.44019097222222214,0.42412626100537804
2826,-0.40784722222222214,0.4131507504908745
2827,-0.4391145833333333,0.39375074749157446
2828,-0.4188020833333333,0.3906353644458335
2829,-0.3894965277777778,0.393263962849116
2830,-0.4008159722222222,0.3900128417091072
2831,-0.4115798611111111,0.3752384437561671
2832,-0.41680555555555554,0.35587740255068057
2833,-0.37890625,0.3496594984630782
2834,-0.4033506944444444,0.3512921615777615
2835,-0.3675868055555555,0.35043093828627386
2836,-0.3524131944444444,0.35415866727417605
2837,-0.34571180555555553,0.35276397790225195
2838,-0.3640972222222222,0.3485332748430765
2839,-0.3563368055555556,0.32368590845847334
2840,-0.33418402777777784,0.32477715281355574
2841,-0.3408333333333333,0.3148231356981779
2842,-0.35246527777777775,0.3147300790612411
2843,-0.35454861111111113,0.3209030839733806
2844,-0.35720486111111116,0.32102345679317423
2845,-0.3572048611111111,0.31792633354511396
2846,-0.3858680555555555,0.31969351702880505
2847,-0.3426736111111111,0.3103674671270311
2848,-0.30954861111111115,0.2909469211354708
2849,-0.32170138888888883,0.2867589563132227
2850,-0.32260416666666675,0.28776653933908725
2851,-0.3047048611111111,0.28691581787616754
2852,-0.2732118055555556,0.29227551417926523
2853,-0.28586805555555556,0.2854810708121512
2854,-0.29187500000000005,0.2786335861794523
2855,-0.30140625,0.26495467400137257
2856,-0.310625,0.263600145850417
2857,-0.2935069444444444,0.25449158610785416
2858,-0.27222222222222225,0.2473323578413053
2859,-0.2742013888888889,0.24448926849918265
2860,-0.26414930555555555,0.23686317686970557
2861,-0.2677951388888889,0.23947353625898518
2862,-0.26677083333333335,0.2379218886248291
2863,-0.2650868055555555,0.2388596362752226
2864,-0.27078125,0.23837317216022688
2865,-0.2498611111111111,0.2388245961812278
2866,-0.22303819444444445,0.24424690726718976
2867,-0.21598958333333335,0.23874723334093612
2868,-0.1757291666666667,0.23989300638803307
2869,-0.193125,0.23462960707754063
2870,-0.16503472222222224,0.23308640880149661
2871,-0.201875,0.2258742899899681
2872,-0.21460069444444446,0.2192121557859176
2873,-0.23508680555555556,0.21879051721878848
2874,-0.26184027777777774,0.21409491058596353
2875,-0.2592361111111111,0.21965206423110997
2876,-0.2694444444444445,0.223238804319182
2877,-0.26281249999999995,0.22567635611276016
2878,-0.25557291666666665,0.23444235721922552
2879,-0.2607638888888889,0.2288975271428216
2880,-0.25230902777777775,0.2398017378353344
2881,-0.2761111111111111,0.25102582985624294
2882,-0.29663194444444446,0.2600890972213971
2883,-0.27414930555555556,0.2758754964776854
2884,-0.28262152777777777,0.27044810621697174
2885,-0.28638888888888886,0.27476963643334
2886,-0.32524305555555555,0.281323997895758
2887,-0.3106944444444444,0.2896218603634501
2888,-0.34078125000000004,0.2857405828090621
2889,-0.36147569444444444,0.29290032637188
2890,-0.3617881944444444,0.2875650553954482
2891,-0.3551736111111112,0.2927049825991159
2892,-0.37708333333333327,0.2862176071858516
2893,-0.40513888888888894,0.2892493244280767
2894,-0.39779513888888884,0.28493980983377115
2895,-0.4011979166666667,0.2902465099994146
2896,-0.3974479166666666,0.28111791362079175
2897,-0.3868576388888889,0.27986821970655557
2898,-0.3984895833333333,0.27456658257739447
2899,-0.3642881944444444,0.2914573245298309
2900,-0.31378472222222226,0.3167703518727996
2901,-0.33078125,0.30876444821822824
2902,-0.31947916666666665,0.31340371065240186
2903,-0.3285416666666666,0.3100965211519722
2904,-0.3206770833333332,0.3126905365313839
2905,-0.32836805555555554,0.3104695766491322
2906,-0.3201736111111111,0.31254789949260203
2907,-0.32934027777777786,0.3104741433241093
2908,-0.31722222222222224,0.31308885299664724
2909,-0.3439409722222222,0.30880452346411963
2910,-0.365,0.31231496257895563
2911,-0.3525000000000001,0.31977851832362036
2912,-0.3568923611111111,0.3167766816882818
2913,-0.3549131944444444,0.3191290265139695
2914,-0.35579861111111116,0.3167796916959603
2915,-0.3561805555555555,0.31971759720988707
2916,-0.35244791666666664,0.314149332419943
2917,-0.3451388888888889,0.3109750330191564
2918,-0.34753472222222215,0.31044698692960904
2919,-0.34600694444444446,0.3122751023298336
2920,-0.34555555555555556,0.30731835257635837
2921,-0.32840277777777777,0.30396224025235175
2922,-0.32350694444444444,0.3078637428362807
2923,-0.3598263888888889,0.31249788579531734
2924,-0.37244791666666666,0.32259964697216037
2925,-0.36130208333333336,0.32799376095676347
2926,-0.3672222222222222,0.32592992442340285
2927,-0.36000000000000004,0.3281124832268738
2928,-0.37984375,0.3250006051343191
2929,-0.4125520833333334,0.3375978229181321
2930,-0.3967361111111112,0.35090868559081145
2931,-0.42307291666666663,0.3455474824224696
2932,-0.4487152777777778,0.3469722068639417
2933,-0.44239583333333343,0.34535630064089046
2934,-0.4455381944444445,0.34631103750198067
2935,-0.44343750000000004,0.34588200899917526
2936,-0.4459201388888889,0.34552415384141805
2937,-0.4361111111111111,0.3495742267359981
2938,-0.39204861111111106,0.3561552661295646
2939,-0.3708159722222223,0.3536240196219265
2940,-0.37147569444444445,0.35135433351790246
2941,-0.36187500000000006,0.3439126035873795
2942,-0.3662326388888889,0.3474217798940826
2943,-0.3630902777777778,0.34457201098779455
2944,-0.36553819444444435,0.3471672599728944
2945,-0.3634895833333333,0.344554208418737
2946,-0.3652604166666667,0.34729882531739187
2947,-0.3636979166666667,0.3442010653272239
2948,-0.3647395833333333,0.34821148701879473
2949,-0.36651041666666656,0.34025206154597315
2950,-0.37657986111111114,0.33489679678811357
2951,-0.3698090277777777,0.33440409301798296
2952,-0.37973958333333335,0.33908290469196506
2953,-0.37953125,0.34676559601657314
2954,-0.3932638888888889,0.34566275320954715
2955,-0.41293402777777777,0.35320026144402017
2956,-0.40421874999999996,0.34603038202174974
2957,-0.39817708333333335,0.34022565546455297
2958,-0.40472222222222215,0.3443870972506093
2959,-0.4084201388888889,0.3497655227756878
2960,-0.41197916666666673,0.34790901002054
2961,-0.3937326388888888,0.34960267738342804
2962,-0.36171875000000003,0.35106330685647985
2963,-0.3734895833333333,0.3511212856358362
2964,-0.36546875,0.3504902978589124
2965,-0.3715798611111111,0.35182754626583607
2966,-0.3687152777777778,0.34726109157440976
2967,-0.3835590277777778,0.3389602722697452
2968,-0.3697222222222223,0.3459454180955599
2969,-0.3723784722222222,0.35159027882364846
2970,-0.36390624999999993,0.3511385290758656
2971,-0.37899305555555557,0.3477890633568911
2972,-0.3609548611111111,0.33806354815214373
2973,-0.3328125,0.3402572715618205
2974,-0.3400347222222222,0.3379410680296699
2975,-0.33664930555555556,0.3399168512623156
2976,-0.33843749999999995,0.33799083392814727
2977,-0.33748263888888885,0.3399984756690424
2978,-0.33789930555555553,0.33773901332139494
2979,-0.3374131944444444,0.3408703532379013
2980,-0.34027777777777773,0.33396728272359844
2981,-0.3494444444444444,0.328026598266855
2982,-0.3440798611111111,0.32883577897434046
2983,-0.3496006944444444,0.32904717974973413
2984,-0.3429166666666667,0.32818177418882083
2985,-0.3523611111111111,0.3301330786720526
2986,-0.3316145833333333,0.324548736021189
2987,-0.3136284722222222,0.31997360356096705
2988,-0.31444444444444447,0.3207952587586862
2989,-0.3195486111111111,0.3207752453878362
2990,-0.2992361111111111,0.31919296600439384
2991,-0.26930555555555546,0.31807454228262666
2992,-0.2809548611111111,0.31580293513394847
2993,-0.28803819444444445,0.3028232283236624
2994,-0.2943229166666667,0.300359778659335
2995,-0.2959201388888889,0.2949245959168492
2996,-0.30428819444444444,0.28810782301390114
2997,-0.30118055555555556,0.28932866041320016
2998,-0.30248263888888893,0.29041929085193197
2999,-0.3041666666666667,0.28110499734307465
3000,-0.31890625000000006,0.24908613896079373
3001,-0.33234375000000005,0.24376994776816902
3002,-0.3256597222222222,0.24091286192500197
3003,-0.3328645833333334,0.2460492574418253
3004,-0.3230208333333334,0.2339721306038511
3005,-0.3394618055555556,0.2231559707914287
3006,-0.2941493055555555,0.22473208889482524
3007,-0.24128472222222222,0.22688798193480988
3008,-0.26718749999999997,0.23475508532682643
3009,-0.2666840277777778,0.2410506953007138
3010,-0.2582465277777778,0.2319067049979649
3011,-0.24543402777777779,0.21936993353620676
3012,-0.2461111111111111,0.2071277152678964
3013,-0.21479166666666666,0.1970669809107497
3014,-0.21703125,0.20275126541982488
3015,-0.15777777777777774,0.1935490077794842
3016,-0.17859374999999997,0.17494990137308278
3017,-0.2001388888888889,0.18390498064977254
3018,-0.20192708333333334,0.1800967938171837
3019,-0.16300347222222222,0.16467860964858458
3020,-0.15270833333333333,0.15336952556335232
3021,-0.16713541666666665,0.14302786042763466
3022,-0.15064236111111112,0.13139056924467238
3023,-0.08965277777777778,0.11300013678054925
3024,-0.14381944444444444,0.10189766041623563
3025,-0.09425347222222222,0.08765556229236622
3026,-0.06810763888888888,0.07889388807333514
3027,-0.046232638888888886,0.06444528864165099
3028,-0.007083333333333327,0.051427538018717814
3029,-0.025989583333333344,0.044808166776781136
3030,0.02675347222222222,0.04923758335539818
3031,0.03857638888888889,0.03584910963002334
3032,0.07776041666666667,0.05153821503027577
3033,0.08213541666666667,0.05461177793354196
3034,0.07578125000000001,0.06700647852306894
3035,0.12465277777777777,0.07326160146508125
3036,0.12197916666666664,0.08071868211486799
3037,0.11199652777777777,0.0873041669456199
3038,0.15260416666666662,0.10709159136445878
3039,0.14428819444444443,0.1301169598375437
3040,0.16923611111111111,0.11775626891846891
3041,0.19664930555555554,0.14194992383320906
3042,0.1952951388888889,0.16500218565150093
3043,0.19486111111111115,0.1601796890782657
3044,0.22803819444444443,0.17843083532368897
3045,0.27968750000000003,0.1957440232963704
3046,0.25421875000000005,0.2128350159915376
3047,0.2636805555555555,0.217706253866553
3048,0.23041666666666666,0.23073607965565573
3049,0.27942708333333327,0.23789911297802094
3050,0.3364756944444445,0.24782512765473802
3051,0.3135763888888889,0.2533273844178471
3052,0.3211111111111111,0.25651134670352177
3053,0.3061458333333334,0.263588558081319
3054,0.3128472222222222,0.26468097953911224
3055,0.29260416666666667,0.27599834565728026
3056,0.3022048611111111,0.28893547269396236
3057,0.3121875,0.3004708400068873
3058,0.3110243055555556,0.29672078972800237
3059,0.31097222222222215,0.29881146379458356
3060,0.3113194444444445,0.29776925905103513
3061,0.3108333333333333,0.2973990623000423
3062,0.3112152777777778,0.3039618832770641
3063,0.3112847222222222,0.32098492916214677
3064,0.3085590277777778,0.3113983209130351
3065,0.2973784722222222,0.30539671978421373
3066,0.2921006944444444,0.2964925498078015
3067,0.2966319444444445,0.30413053715852056
3068,0.3037326388888888,0.3084998929390146
3069,0.30140625,0.30820792512280887
3070,0.30253472222222216,0.3085059146953364
3071,0.30461805555555554,0.3050669566538672
3072,0.3136979166666667,0.29479527843046577
3073,0.31071180555555555,0.30331093605705917
3074,0.3306076388888889,0.3048516201896791
3075,0.3371527777777778,0.3038988705703768
3076,0.34104166666666674,0.3031467274572753
3077,0.32312499999999994,0.3045551350661139
3078,0.2884375,0.3063037084423817
3079,0.30989583333333337,0.304726493231362
3080,0.2844965277777778,0.28852085399684485
3081,0.23532986111111115,0.27735486523544595
3082,0.2481597222222222,0.26761223325572636
3083,0.24350694444444443,0.25906824974259457
3084,0.2428298611111111,0.2479488440301416
3085,0.2528645833333333,0.23893032043918921
3086,0.26223958333333336,0.22626717461862608
3087,0.2678819444444444,0.223479273376432
3088,0.2655208333333333,0.22223528064931045
3089,0.26883680555555556,0.22518361059460018
3090,0.25866319444444447,0.2163774062094297
3091,0.23633680555555558,0.20190090040558809
3092,0.21432291666666664,0.18444396809180666
3093,0.18960069444444444,0.1762787421635231
3094,0.19967013888888893,0.17856343678724482
3095,0.1910069444444444,0.1747181993111327
3096,0.1739409722222222,0.16496360140434282
3097,0.11199652777777777,0.1593335028658854
3098,0.11749999999999997,0.14279855724547388
3099,0.12321180555555558,0.12463374317877907
3100,0.1456076388888889,0.11833152104971456
3101,0.09722222222222227,0.12104511294258827
3102,0.047795138888888894,0.11517359671766567
3103,0.06654513888888888,0.1124387599628998
3104,0.06777777777777777,0.10813041336445212
3105,0.09864583333333335,0.1014474241226021
3106,0.07425347222222223,0.10742362126807331
3107,0.07430555555555553,0.11232927610921
3108,0.10404513888888887,0.11976134001187129
3109,0.09164930555555557,0.10649073043190437
3110,0.0787326388888889,0.09112710951861044
3111,0.07906249999999998,0.09329100602713832
3112,0.08348958333333333,0.09336147792261987
3113,0.06630208333333333,0.08994574524497315
3114,0.04819444444444447,0.08742274339601681
3115,0.06270833333333331,0.08091678467207324
3116,0.07317708333333336,0.07304692606207366
3117,0.06173611111111111,0.06185756823599669
3118,0.030173611111111116,0.047970104059587515
3119,0.05194444444444445,0.038265133449209385
3120,0.038593749999999996,0.041133338028852384
3121,0.049687499999999996,0.03885067566980013
3122,0.03899305555555556,0.041397248177092665
3123,0.05197916666666667,0.03774902845512127
3124,0.05270833333333334,0.03613006980957059
3125,0.07045138888888888,0.032833693919574775
3126,0.04241319444444444,0.04023042969539451
3127,0.021718750000000002,0.05158745713356052
3128,0.0345486111111111,0.047023517293228324
3129,0.028506944444444453,0.046325781987730026
3130,0.032777777777777774,0.05111897725927183
3131,0.003350694444444441,0.042635838568281084
3132,-0.01704861111111111,0.038734907206103286
3133,0.007274305555555562,0.05865164321017662
3134,-0.005590277777777781,0.0503269355680717
3135,0.005208333333333332,0.05596329324630764
3136,-0.005451388888888884,0.0512377422483649
3137,0.006145833333333333,0.05607650713781822
3138,-0.010138888888888902,0.04874924570087543
3139,0.00019097222222221738,0.043474721623436983
3140,-0.009409722222222224,0.03144641207771927
3141,0.0084375,0.029430171298157417
3142,0.034635416666666655,0.05333641043369332
3143,0.033645833333333326,0.04009185417055856
3144,0.03864583333333334,0.043880633343639064
3145,0.026892361111111103,0.048290263701738965
3146,0.017152777777777767,0.054500363237123435
3147,0.014201388888888875,0.05450268595077462
3148,0.009461805555555564,0.05791833457913414
3149,0.029461805555555554,0.045465833186745505
3150,0.059201388888888894,0.037159072675441794
3151,0.0506423611111111,0.039427939530309083
3152,0.05225694444444444,0.035560912682360515
3153,0.041180555555555554,0.04334917523369226
3154,0.046770833333333324,0.0373630311103101
3155,0.042708333333333334,0.04257117202403523
3156,0.04553819444444445,0.03716777102064027
3157,0.04421875,0.04390303715014423
3158,0.04135416666666664,0.035463663671034075
3159,0.03880208333333333,0.0550102825378659
3160,0.07548611111111111,0.07237906147317505
3161,0.09064236111111114,0.07316182538307452
3162,0.08621527777777778,0.06615812622720704
3163,0.07460069444444443,0.06751686112354513
3164,0.07116319444444447,0.07045439429066841
3165,0.07019097222222224,0.07080752738321137
3166,0.07447916666666667,0.07012498143196426
3167,0.08218749999999998,0.07879201370450631
3168,0.07559027777777777,0.07051982465496696
3169,0.07032986111111111,0.07196555830584778
3170,0.07232638888888888,0.06929175923135841
3171,0.09289930555555555,0.08443605080097581
3172,0.11654513888888887,0.09907813319853029
3173,0.10694444444444444,0.09650329425708293
3174,0.11743055555555554,0.09716715330265345
3175,0.11885416666666669,0.10258613420221835
3176,0.12211805555555558,0.09858143993164695
3177,0.11499999999999999,0.10568446304526823
3178,0.11171875,0.11020696724499897
3179,0.10715277777777778,0.11386669308611402
3180,0.10175347222222222,0.11903890016951885
3181,0.09944444444444443,0.12125928674503071
3182,0.0910069444444444,0.12635998696557924
3183,0.09532986111111112,0.12668142013441583
3184,0.08894097222222219,0.12249074949522519
3185,0.08354166666666667,0.12197591975467946
3186,0.08677083333333335,0.11672677952821185
3187,0.09791666666666667,0.11504697862902209
3188,0.07972222222222225,0.11146567776079254
3189,0.060173611111111094,0.11013496998072102
3190,0.07873263888888889,0.09623243843565628
3191,0.07843750000000002,0.09300584285707836
3192,0.08128472222222222,0.09149278542022107
3193,0.07927083333333332,0.0940305408977731
3194,0.0782465277777778,0.08903411699837194
3195,0.06781249999999998,0.08871325285795179
3196,0.0740625,0.08709342545189301
3197,0.06817708333333335,0.08928537233317455
3198,0.07461805555555555,0.08617508544283695
3199,0.06671875000000001,0.09124216635419692
3200,0.08072916666666666,0.07881748651508468
3201,0.08996527777777777,0.06912303223986886
3202,0.08045138888888886,0.07262383328677599
3203,0.020920138888888877,0.07796069334781712
3204,0.017743055555555547,0.07041524557518478
3205,-0.002065972222222247,0.08174642276890846
3206,-0.012656250000000018,0.07094187838299
3207,0.019288194444444438,0.0528706950034019
3208,0.014513888888888885,0.05631980836298371
3209,-0.009965277777777778,0.05389473899732241
3210,-0.07378472222222222,0.04963133278154879
3211,-0.046857638888888886,0.05665503022969746
3212,-0.06366319444444445,0.04116492246478348
3213,-0.017395833333333336,0.04800207515045574
3214,-0.04532986111111111,0.044922588728897955
3215,-0.06022569444444444,0.031324876538348034
3216,-0.07045138888888888,0.037768601443731425
3217,-0.06375,0.0516422993614085
3218,-0.06595486111111111,0.06835385173894852
3219,-0.03380208333333333,0.058678688435943246
3220,-0.06888888888888889,0.05475494077923611
3221,-0.12317708333333334,0.05789439113742894
3222,-0.09972222222222223,0.06803709358427255
3223,-0.11102430555555556,0.06541565530962135
3224,-0.10157986111111111,0.08158002367508808
3225,-0.09623263888888889,0.08424839216431597
3226,-0.10088541666666666,0.09302008969934189
3227,-0.09065972222222221,0.08923684743535384
3228,-0.12611111111111112,0.09519597967709613
3229,-0.1801388888888889,0.10540314174510006
3230,-0.1626388888888889,0.10059066131557304
3231,-0.1709895833333333,0.10810192883676574
3232,-0.1518923611111111,0.11247233804508526
3233,-0.15043402777777778,0.11153886979789106
3234,-0.1379166666666667,0.11987632877840768
3235,-0.1459375,0.11768436334109983
3236,-0.13729166666666665,0.11472235884105399
3237,-0.1277430555555556,0.10319544918757169
3238,-0.11064236111111109,0.11018600475909986
3239,-0.11967013888888892,0.10550671756020057
3240,-0.11196180555555556,0.1091854411712196
3241,-0.11913194444444446,0.10587098224882137
3242,-0.11138888888888888,0.10951524848553632
3243,-0.12227430555555557,0.10362912373447959
3244,-0.12243055555555556,0.099704182444437
3245,-0.12798611111111113,0.10245162212743734
3246,-0.11560763888888889,0.09374840694376944
3247,-0.10559027777777778,0.08146338758356116
3248,-0.10677083333333336,0.0870266212862478
3249,-0.10684027777777777,0.08144860135338629
3250,-0.10647569444444445,0.08880132303899575
3251,-0.10640625000000001,0.07335717016122216
3252,-0.10831597222222222,0.06681584374825252
3253,-0.09631944444444444,0.06287884793590699
3254,-0.06732638888888892,0.07055469262103524
3255,-0.08746527777777777,0.0656767230766693
3256,-0.09164930555555555,0.06722163260545481
3257,-0.09765625,0.06910343573751718
3258,-0.07762152777777778,0.059352987411585144
3259,-0.04723958333333333,0.054245160474422356
3260,-0.0784201388888889,0.041307891854881665
3261,-0.0629861111111111,0.04024545218632906
3262,-0.03460069444444444,0.06520432342199806
3263,-0.018038194444444447,0.05552364806377021
3264,-0.0031944444444444407,0.045774293834861576
3265,-0.010711805555555553,0.05707666148239647
3266,0.035277777777777776,0.07117601611541438
3267,0.01890625,0.05941740536152544
3268,0.08404513888888888,0.07029362958369807
3269,0.06614583333333333,0.0952904687652443
3270,0.08888888888888888,0.08801049139331747
3271,0.0996701388888889,0.08640990562780237
3272,0.09368055555555556,0.09442399824636874
3273,0.12571180555555553,0.11488557701822023
3274,0.14194444444444443,0.1093005478522522
3275,0.09467013888888888,0.11865833780600286
3276,0.1427951388888889,0.12058831445157685
3277,0.1766145833333333,0.13500531472627395
3278,0.1521875,0.12457819457071932
3279,0.13201388888888893,0.13914694776022812
3280,0.15112847222222223,0.13779888360583015
3281,0.17510416666666664,0.16033584950165283
3282,0.1852083333333333,0.15877330592266167
3283,0.22805555555555557,0.1740767609469302
3284,0.22835069444444447,0.18997309424225334
3285,0.24828125000000004,0.205485014670998
3286,0.34168402777777773,0.2483686605117522
3287,0.37883680555555554,0.2892433144236075
3288,0.46913194444444445,0.36681267150424374
3289,0.6011631944444444,0.46331220684884045
3290,0.6773263888888889,0.5847596793723032
3291,0.8905381944444445,0.7034736003554698
3292,1.102847222222222,0.8886450511909538
3293,1.3701736111111114,1.088433005054113
3294,1.5594097222222223,1.282731329009641
3295,1.7949305555555557,1.497471478363045
3296,2.0665625,1.7060361301402003
3297,2.2745486111111113,1.90744595402214
3298,2.4361805555555556,2.0738337260500104
3299,2.5624305555555553,2.2138602848031894
3300,2.6983333333333333,2.3206778939755526
3301,2.761927083333333,2.3856407696996107
3302,2.770329861111111,2.3958219077449985
3303,2.712118055555556,2.3879440226549953
3304,2.7098958333333334,2.3604690712040926
3305,2.5746527777777777,2.3073352749097777
3306,2.50078125,2.2443317061878743
3307,2.409305555555555,2.16370863421377
3308,2.407638888888889,2.1080937446784094
3309,2.3328819444444444,2.0628687526930047
3310,2.327361111111111,2.041412777108836
3311,2.2874131944444445,2.0225416045562516
3312,2.2676041666666666,2.0089376116970317
3313,2.2940451388888894,2.007664433235322
3314,2.23140625,1.9860856260050281
3315,2.1033506944444444,1.913579068217642
3316,1.9784548611111112,1.8132547891764028
3317,1.7496874999999998,1.6414894184400624
3318,1.4596527777777777,1.4345099257561722
3319,1.1053645833333334,1.1431285702229195
3320,0.6473263888888889,0.8479554737627337
3321,0.21807291666666667,0.49524409414158393
3322,-0.3177951388888889,0.2958232185811601
3323,-0.7927604166666665,0.5268456546831406
3324,-1.3340625,0.9008572788214322
3325,-1.789722222222222,1.2884465106036525
3326,-2.161180555555555,1.6094733908555037
3327,-2.4763368055555555,1.9152175505981843
3328,-2.770295138888889,2.1651118130734153
3329,-2.955920138888889,2.388685506990088
3330,-3.1239930555555553,2.548889529098701
3331,-3.254392361111111,2.6912451748329134
3332,-3.4039756944444446,2.839836932697678
3333,-3.5455381944444446,2.9732203546666414
3334,-3.6778645833333337,3.1247483340503077
3335,-3.803420138888889,3.3154989936919828
3336,-4.010173611111111,3.4730263277249986
3337,-4.134513888888889,3.6349138564387893
3338,-4.298402777777778,3.8028983856536147
3339,-4.382135416666667,3.9136633601792963
3340,-4.449184027777777,3.969141618827568
3341,-4.339635416666666,3.961579108195424
3342,-4.135034722222222,3.8241190957661595
3343,-3.842951388888889,3.6212347696264517
3344,-3.4817013888888892,3.2936459210018465
3345,-2.9499999999999997,2.872493595344494
3346,-2.37734375,2.381472768291809
3347,-1.7090972222222223,1.8384884579437217
3348,-1.0027256944444445,1.233047025667796
3349,-0.3422743055555555,0.7276477617991096
3350,0.2926215277777778,0.4580582642730578
3351,0.9091840277777778,0.7621581452686851
3352,1.420503472222222,1.2009451082304865
3353,1.8834895833333334,1.6046626947192937
3354,2.231041666666667,1.9482236277746567
3355,2.509201388888889,2.228991278201124
3356,2.692690972222222,2.4603047866949583
3357,2.877708333333333,2.616256368359691
3358,2.929253472222222,2.741165831635219
3359,3.0180034722222224,2.8182765006707085
3360,3.0360243055555554,2.887554382239432
3361,3.048420138888889,2.921964738803574
3362,3.04921875,2.9362554142559527
3363,2.9611284722222226,2.9245356779544625
3364,2.9017881944444444,2.872427290560513
3365,2.746996527777778,2.7688297054360276
3366,2.5749826388888892,2.644010211928778
3367,2.2957638888888887,2.41001768346544
3368,1.9772569444444446,2.145892853026573
3369,1.5621874999999998,1.7704000297082498
3370,1.0844097222222224,1.371955162841137
3371,0.5657118055555557,0.931931074384813
3372,0.018368055555555707,0.4965322734353587
3373,-0.5781770833333335,0.42392342518550086
3374,-1.135,0.846178962634711
3375,-1.6790277777777778,1.3413780741026207
3376,-2.1733680555555557,1.808101189243028
3377,-2.498559027777778,2.250979091417027
3378,-2.885451388888889,2.632955859149695
3379,-3.149166666666667,2.9198240295061018
3380,-3.261354166666667,3.1392510296103624
3381,-3.3124305555555553,3.2703696668364994
3382,-3.2793402777777776,3.2856614490310068
3383,-3.1730729166666665,3.2504803902607406
3384,-3.0176215277777776,3.136307693055236
3385,-2.7701562500000003,2.9614941855206127
3386,-2.5288715277777776,2.730606929798954
3387,-2.232309027777778,2.474361864324138
3388,-1.9689409722222222,2.2242337484100156
3389,-1.7175694444444445,1.928099362098693
3390,-1.51015625,1.6647828750145888
3391,-1.3131770833333334,1.4232821648458291
3392,-1.0857291666666669,1.1944426573589666
3393,-0.9126388888888889,1.0040838822107605
3394,-0.7699305555555556,0.8117569155124768
3395,-0.59515625,0.6173410432250341
3396,-0.4194097222222222,0.4459901141887446
3397,-0.24776041666666665,0.28905666754626397
3398,-0.08086805555555565,0.18411176346130154
3399,0.18138888888888893,0.2529488889718608
3400,0.3964930555555556,0.4292481409763306
3401,0.6552777777777776,0.657865611217701
3402,0.9066319444444447,0.8792766244648195
3403,1.1531770833333332,1.0915844148899934
3404,1.3146180555555556,1.283506243236654
3405,1.5102951388888888,1.4181998920968029
3406,1.555069444444444,1.5176522151156782
3407,1.5609027777777778,1.5421709229130198
3408,1.5029861111111114,1.514610317640688
3409,1.3981597222222222,1.3880674667310464
3410,1.1924131944444447,1.2006354283952811
3411,0.9332118055555555,0.9727601464788956
3412,0.6832118055555554,0.6993951985276108
3413,0.35531250000000003,0.4305861184269001
3414,0.09883680555555557,0.26703611707163943
3415,-0.17536458333333338,0.33725010440473835
3416,-0.42321180555555554,0.5561751257109465
3417,-0.598298611111111,0.747590017037721
3418,-0.7078993055555556,0.8668037739952249
3419,-0.827951388888889,0.9604933889175507
3420,-0.8753124999999999,0.9956722542318944
3421,-0.8878472222222222,0.9836800119865542
3422,-0.8983506944444445,0.9444004714602326
3423,-0.87890625,0.8803786216563975
3424,-0.870798611111111,0.8038483301145386
3425,-0.8525868055555554,0.7507928376342708
3426,-0.8306076388888888,0.6837168517906737
3427,-0.8556944444444445,0.6259974554164625
3428,-0.8386111111111112,0.5794439273977
3429,-0.8354861111111112,0.5626964473921913
3430,-0.7501215277777777,0.5187381727534848
3431,-0.7432465277777778,0.4819277237658405
3432,-0.6207118055555556,0.44187072484322387
3433,-0.4794097222222222,0.3745267976327751
3434,-0.2815451388888889,0.2908536748240621
3435,-0.07439236111111108,0.22247255390720586
3436,0.18135416666666665,0.1930414631896906
3437,0.4699305555555556,0.28830088395868303
3438,0.7294618055555555,0.4365481933842897
3439,0.957013888888889,0.6188774088645764
3440,1.1527604166666663,0.8130451046051478
3441,1.3568576388888889,0.9421766829132039
3442,1.491944444444445,1.0976259970403661
3443,1.5131076388888887,1.2015001314556015
3444,1.5495138888888893,1.266418095222819
3445,1.5143923611111112,1.2795627206166935
3446,1.3650347222222223,1.2374637072438757
3447,1.2202777777777776,1.1650332170362525
3448,1.0425,1.0278346062789399
3449,0.8017534722222222,0.8867290099069237
3450,0.5353472222222223,0.7047663241891131
3451,0.29888888888888887,0.5210150851857618
3452,0.03835069444444446,0.29972491376562177
3453,-0.16758680555555555,0.17187657213787155
3454,-0.4336458333333333,0.22320804554769574
3455,-0.6373090277777778,0.3795570783502672
3456,-0.7807638888888888,0.5662251384027224
3457,-0.94703125,0.7068049399931955
3458,-1.0266840277777778,0.8353918659224556
3459,-1.144635416666667,0.9388060130523395
3460,-1.2095833333333332,1.0269391062528435
3461,-1.2312673611111111,1.081379219519527
3462,-1.2623263888888887,1.1342969020704772
3463,-1.260989583333333,1.1639567963286344
3464,-1.259947916666667,1.1835441981743302
3465,-1.222534722222222,1.1971215653379341
3466,-1.1624131944444445,1.2000379397827055
3467,-1.1299131944444443,1.1841908195876616
3468,-1.0591145833333333,1.1300249959305997
3469,-0.9967881944444443,1.0518922980725305
3470,-0.9528819444444449,0.9471323137468394
3471,-0.8279687499999999,0.820133745404713
3472,-0.7013541666666667,0.6599637807033639
3473,-0.5118229166666666,0.4667234695014886
3474,-0.3081423611111112,0.2788222080472213
3475,-0.11935763888888884,0.22838081338534144
3476,0.06026041666666667,0.3841045832031605
3477,0.3537152777777778,0.6200232138289085
3478,0.6067881944444444,0.8274432846927928
3479,0.8188541666666667,1.0401154648025994
3480,1.028159722222222,1.1894898527963482
3481,1.2091666666666663,1.297862333333055
3482,1.3684895833333333,1.362616434922028
3483,1.5127604166666666,1.3949087743733584
3484,1.6045659722222223,1.3849358859496237
3485,1.6392881944444442,1.3388216787434675
3486,1.616701388888889,1.2694840438754325
3487,1.5859027777777779,1.1930105461775664
3488,1.514340277777778,1.1012319977447382
3489,1.4280034722222221,1.0125620433820404
3490,1.2711979166666667,0.9617635860340144
3491,1.1102083333333335,0.8654537410811678
3492,0.9846527777777777,0.812122126933372
3493,0.8113888888888888,0.7404817109852387
3494,0.6263541666666665,0.6739041789808968
3495,0.4635590277777778,0.5744984144071649
3496,0.29171874999999997,0.4567936526274519
3497,0.09828125,0.3260195055367875
3498,-0.09361111111111112,0.21563323309116517
3499,-0.2968923611111111,0.16788811766916265
3500,-0.41246527777777775,0.2809689932772942
3501,-0.5444444444444444,0.4727254059320064
3502,-0.7085590277777776,0.6339716590203923
3503,-0.8015972222222222,0.8054779618700042
3504,-0.8732118055555554,0.9217973237376342
3505,-0.9309027777777776,1.0202481203574836
3506,-0.9188715277777779,1.0635411011409333
3507,-0.9293229166666668,1.0761927242006404
3508,-0.8618749999999998,1.0332916448243878
3509,-0.893003472222222,1.007827929139478
3510,-0.8466840277777777,0.9028846586370708
3511,-0.7951215277777777,0.802136937730475
3512,-0.7505729166666666,0.6948065828764916
3513,-0.6752604166666667,0.5714985882687981
3514,-0.6644618055555556,0.4741545588025051
3515,-0.5817361111111111,0.3989004693435637
3516,-0.48862847222222217,0.3189072518372732
3517,-0.39135416666666667,0.2476731778739766
3518,-0.26232638888888893,0.20352253359787648
3519,-0.17368055555555556,0.16397039595727578
3520,-0.07487847222222223,0.14942595375752651
3521,0.026562499999999975,0.14462201541864228
3522,0.14467013888888883,0.13706910356355592
3523,0.23758680555555556,0.15662149606306167
3524,0.3480381944444444,0.17774776714062004
3525,0.4110069444444444,0.20676300246389778
3526,0.41954861111111114,0.24557720198236568
3527,0.4217187500000001,0.29383543102419357
3528,0.4715625,0.3354407017786038
3529,0.41175347222222225,0.3569829986372862
3530,0.35506944444444444,0.388995985997174
3531,0.33954861111111106,0.4222069581602183
3532,0.28918402777777774,0.42917722401669894
3533,0.30942708333333335,0.4036484038896644
3534,0.2646180555555555,0.37285026986244346
3535,0.24592013888888886,0.3567506909189683
3536,0.24072916666666666,0.28393036056888626
3537,0.2548958333333333,0.24907437149317913
3538,0.22944444444444442,0.18411353151383772
3539,0.2904340277777778,0.13178549568000353
3540,0.22010416666666666,0.11686492640782158
3541,0.17362847222222222,0.08485416531687899
3542,0.17081597222222222,0.08937604037909966
3543,0.13489583333333333,0.09579262042804874
3544,0.08531249999999996,0.09714227243455857
3545,0.007118055555555586,0.09104336833099086
3546,-0.011319444444444465,0.09582107912796073
3547,-0.029392361111111126,0.11301696768649454
3548,-0.01767361111111107,0.14183607449912375
3549,0.0202430555555555,0.17025969350678596
3550,-0.01065972222222221,0.21930870835025265
3551,0.08817708333333334,0.23412723593915113
3552,0.08888888888888892,0.24918012745443782
3553,0.19414930555555557,0.25471307824770306
3554,0.21102430555555554,0.2581634565270152
3555,0.32223958333333336,0.23921693563794125
3556,0.3524131944444445,0.22646254513379485
3557,0.37177083333333333,0.2086097385154208
3558,0.3700173611111111,0.18218653135529084
3559,0.34152777777777776,0.17801595373435106
3560,0.33934027777777775,0.17007647664786163
3561,0.2720659722222222,0.17104436720389182
3562,0.2688715277777778,0.17213185160481487
3563,0.20083333333333336,0.16089191641397374
3564,0.11986111111111103,0.18207422216377367
3565,0.10828125,0.18403417916670398
3566,0.047378472222222245,0.20622551251121457
3567,0.04319444444444448,0.20982392677412548
3568,0.027343749999999972,0.217795094603866
3569,-0.005920138888888898,0.20651152590660016
3570,0.025763888888888864,0.17048488416055438
3571,0.05529513888888887,0.14674552775333807
3572,0.05975694444444449,0.11910553299477374
3573,0.056059027777777715,0.08326384725985893
3574,0.09569444444444447,0.09197471650448424
3575,0.12020833333333339,0.11455913570255612
3576,0.09673611111111108,0.11984465414253241
3577,0.08819444444444449,0.1508219146933717
3578,0.10578125,0.14008818256094682
3579,0.0794618055555556,0.14906041831019196
3580,0.06027777777777776,0.14467332127285004
3581,0.03432291666666673,0.15061312229851337
3582,-0.006822916666666651,0.14905242693952522
3583,0.01279513888888889,0.17309555481340724
3584,0.003958333333333369,0.2009291297720971
3585,-0.011527777777777748,0.19131931526008947
3586,0.04828124999999997,0.20068486932296017
3587,0.057499999999999996,0.23265813301416932
3588,0.15765625000000005,0.22020538299229817
3589,0.18980902777777778,0.22240110597986845
3590,0.25973958333333336,0.21943148434940854
3591,0.27859375,0.22863466302440827
3592,0.3930902777777778,0.2385873748258942
3593,0.3682986111111111,0.20896843876731425
3594,0.42289930555555555,0.22781509118600374
3595,0.44451388888888893,0.23533721977613287
3596,0.42208333333333337,0.24610273903336022
3597,0.3866840277777778,0.25983612663553457
3598,0.33036458333333335,0.25751125603263825
3599,0.23829861111111117,0.26913482264190125
3600,0.21500000000000002,0.2620974095319016
3601,0.15147569444444448,0.2591573678152341
3602,0.08758680555555556,0.25438092500853576
3603,0.06947916666666665,0.2451492291059672
3604,0.013923611111111137,0.23127644420455865
3605,0.056163194444444425,0.21791417216833195
3606,0.06052083333333336,0.18210913480428892
3607,0.08600694444444446,0.15924939070953467
3608,0.09982638888888888,0.13927867179941758
3609,0.12053819444444444,0.11023234445997576
3610,0.1634201388888889,0.09747854510549227
3611,0.1571701388888889,0.07478430153370083
3612,0.1195659722222222,0.07359617453608884
3613,0.08982638888888889,0.06502764020881077
3614,0.02559027777777778,0.06264288258702443
3615,-0.016597222222222263,0.07665668023224326
3616,-0.06411458333333325,0.11658703802265427
3617,-0.09550347222222225,0.12599005222839268
3618,-0.17513888888888893,0.11818387633913184
3619,-0.18663194444444436,0.11623467060086401
3620,-0.18932291666666665,0.11859027315207907
3621,-0.19111111111111106,0.10633351610558424
3622,-0.10218750000000004,0.11005231749856771
3623,-0.03713541666666664,0.13291545233575386
3624,0.0335763888888889,0.14494825249325624
3625,0.10973958333333333,0.159088053571167
3626,0.14762152777777776,0.1724229000305863
3627,0.2316319444444444,0.17471577723937246
3628,0.27902777777777776,0.17530024123091584
3629,0.27211805555555557,0.16468817716612952
3630,0.3075868055555555,0.15906027631452754
3631,0.27557291666666667,0.14745041870595857
3632,0.24447916666666666,0.12932609448706697
3633,0.20331597222222222,0.09058363153561344
3634,0.12800347222222222,0.09760706477425929
3635,0.05081597222222223,0.09853457178524706
3636,0.07571180555555554,0.0912005077418156
3637,0.057673611111111134,0.1036616519661382
3638,0.04973958333333333,0.14117985636987332
3639,0.062447916666666665,0.16262576096467704
3640,0.10999999999999999,0.16872916538049965
3641,0.13151041666666669,0.18755810008399543
3642,0.1689236111111111,0.19726428175346364
3643,0.17630208333333336,0.18490496603031953
3644,0.2098611111111111,0.1711211441863755
3645,0.24460069444444443,0.157303386896251
3646,0.19559027777777777,0.12109660117113367
3647,0.1609375,0.10059771455461158
3648,0.1431076388888889,0.09047547963733439
3649,0.08282986111111112,0.07561039748124841
3650,0.024843750000000026,0.08324345739326738
3651,-0.02237847222222221,0.07682255571164417
3652,-0.08256944444444445,0.08085974356166377
3653,-0.16524305555555552,0.0742343408738108
3654,-0.15312499999999998,0.07639472831216096
3655,-0.16883680555555558,0.06329664212287754
3656,-0.17319444444444443,0.059637718801594214
3657,-0.14510416666666667,0.051289470742324664
3658,-0.09428819444444446,0.04641040660812654
3659,-0.07116319444444445,0.038077697994852465
3660,-0.019392361111111117,0.06096807212290289
3661,0.01142361111111112,0.05093624553480654
3662,0.08831597222222222,0.06060469473895571
3663,0.1122222222222222,0.055720782945021266
3664,0.14034722222222223,0.06713983199930622
3665,0.174375,0.07203816021927391
3666,0.14720486111111114,0.07182973153418003
3667,0.1438888888888889,0.07597894261104987
3668,0.13501736111111112,0.07808502256475977
3669,0.09175347222222224,0.06720947144696038
3670,0.043177083333333366,0.045287259493105046
3671,0.03258680555555554,0.05186514773781109
3672,-0.027395833333333286,0.06551147588188058
3673,-0.037065972222222215,0.054026575540929704
3674,-0.04437500000000001,0.05646784590833777
3675,-0.010104166666666664,0.05119269747049432
3676,0.0037152777777777687,0.0581882392773713
3677,0.03430555555555555,0.06339682566073812
3678,0.06223958333333332,0.06681528437837035
3679,0.08208333333333334,0.07371195758472447
3680,0.1565625,0.08982012068496185
3681,0.21338541666666666,0.08575911093584718
3682,0.18895833333333334,0.11404832484217187
3683,0.21072916666666666,0.08645676454400007
3684,0.16328125,0.0703462303353622
3685,0.16265625,0.07838223277033196
3686,0.06480902777777778,0.04216101777987979
3687,-0.01817708333333335,0.04557148807284672
3688,-0.040451388888888884,0.04474940135557233
3689,-0.073125,0.04165768132282982
3690,-0.10618055555555557,0.08180954202935296
3691,-0.1197048611111111,0.09071454341960793
3692,-0.15105902777777774,0.07222943548713984
3693,-0.1506076388888889,0.07773293792098643
3694,-0.07689236111111114,0.09768981213398037
3695,-0.05602430555555556,0.06943580024325006
3696,0.00932291666666666,0.07451596191910273
3697,0.06468750000000001,0.06276350701243517
3698,0.08383680555555556,0.08763170925259665
3699,0.12736111111111112,0.0873965299822144
3700,0.18741319444444443,0.10446030516622343
3701,0.15824652777777778,0.11574745481104688
3702,0.13246527777777778,0.10916154214718027
3703,0.07263888888888889,0.10125692396497517
3704,0.03998263888888888,0.10216113490486563
3705,0.008385416666666666,0.08853825054684464
3706,-0.0019965277777777776,0.08442932528953699
3707,-0.0878645833333333,0.08908438144943909
3708,-0.10095486111111111,0.05633389501983428
3709,-0.09989583333333332,0.07776814331449178
3710,-0.07267361111111115,0.07393098248827822
3711,-0.056510416666666646,0.06951205259326736
3712,0.03673611111111111,0.08014609478001816
3713,0.11394097222222223,0.09170649814587724
3714,0.12402777777777776,0.08170730606140267
3715,0.14803819444444444,0.09749820853698044
3716,0.16401041666666666,0.09487005973175595
3717,0.19892361111111112,0.11288928703177822
3718,0.16465277777777776,0.09409265440942628
3719,0.15201388888888887,0.09816481312703361
3720,0.09729166666666667,0.08585254639334948
3721,0.04984375000000002,0.06797226204208635
3722,0.011128472222222234,0.049783727017881
3723,-0.04994791666666665,0.06519603934294586
3724,-0.04668402777777779,0.07004518157519478
3725,-0.09302083333333333,0.06095921977596534
3726,-0.11840277777777776,0.058229715345589614
3727,-0.11371527777777776,0.06931975785509861
3728,-0.09767361111111113,0.06252093592250954
3729,-0.084375,0.07502205983446174
3730,-0.052274305555555546,0.06986530673078872
3731,0.0020486111111110983,0.07113380070147844
3732,0.05737847222222221,0.04683738524241559
3733,0.0731076388888889,0.0513302294006946
3734,0.09069444444444444,0.0541935585845077
3735,0.09319444444444444,0.06898071731648572
3736,0.09526041666666665,0.08747446614048296
3737,0.10694444444444445,0.09556084196859566
3738,0.09184027777777777,0.10333763268572349
3739,0.08680555555555554,0.11346239375019677
3740,0.06861111111111112,0.12658115527043814
3741,0.011267361111111113,0.11113272494857039
3742,-0.024270833333333325,0.10020800848873196
3743,-0.011527777777777783,0.09037170594461248
3744,-0.01274305555555557,0.0756255420345844
3745,-0.03605902777777778,0.05262707204378756
3746,-0.0006597222222222317,0.03182353703856725
3747,0.03772569444444444,0.05499366732359557
3748,0.059444444444444446,0.028835274266988845
3749,0.13642361111111112,0.04065573386359733
3750,0.15699652777777778,0.05534879330423871
3751,0.2009548611111111,0.08743725876971022
3752,0.2403472222222222,0.12109964765606397
3753,0.25897569444444446,0.14421971136806228
3754,0.2653819444444444,0.15798311581409655
3755,0.2730034722222222,0.1783573393015699
3756,0.2674826388888889,0.1875722798247685
3757,0.22690972222222222,0.1753762661589854
3758,0.14565972222222223,0.15934316433428114
3759,0.10335069444444445,0.14575912567153948
3760,0.06,0.10842734302415502
3761,0.05829861111111111,0.08451898865057149
3762,0.018159722222222216,0.0652914713030947
3763,0.006406249999999981,0.060972679482118604
3764,-0.0025520833333333402,0.059976869999157446
3765,0.029062499999999998,0.04680874947889313
3766,0.07201388888888888,0.058112605292692916
3767,0.10211805555555556,0.05120261142805579
3768,0.16807291666666668,0.08270008420764387
3769,0.1545138888888889,0.09781423178169531
3770,0.1756423611111111,0.11972790296726593
3771,0.18109375,0.15263321857990972
3772,0.16609374999999998,0.16160585498505736
3773,0.1681423611111111,0.17636097989097732
3774,0.15204861111111112,0.18341813327109815
3775,0.13293402777777777,0.1763089421637542
3776,0.10173611111111111,0.15256748073762816
3777,0.08055555555555556,0.1400935387680405
3778,0.043315972222222235,0.11600982969947851
3779,0.02809027777777777,0.0905970915413744
3780,0.0282638888888889,0.06005036426260034
3781,-0.015104166666666669,0.061420627557713325
3782,0.029999999999999992,0.03315806787612598
3783,0.05984375000000001,0.05930023161521425
3784,0.06631944444444444,0.04759123588461106
3785,0.09230902777777777,0.06575723605692724
3786,0.12234375,0.07403562935548329
3787,0.17664930555555558,0.09884992996472804
3788,0.15506944444444445,0.12475007808825088
3789,0.15758680555555557,0.128204828009186
3790,0.15300347222222221,0.13695065208948565
3791,0.13776041666666666,0.1578213436053433
3792,0.1290625,0.15749621082302617
3793,0.12008680555555555,0.14414580945417146
3794,0.0924826388888889,0.13418285973313157
3795,0.07699652777777775,0.1293625505151738
3796,0.061597222222222206,0.09545219094485384
3797,0.056423611111111105,0.09159586649236774
3798,0.05897569444444445,0.0640393594347212
3799,0.061614583333333334,0.06887443363474537
3800,0.09151041666666665,0.06023556279452871
3801,0.06088541666666669,0.05961812886247353
3802,0.08866319444444445,0.042595609057461306
3803,0.12409722222222225,0.04800850448306651
3804,0.12203124999999998,0.06222598352114341
3805,0.10779513888888889,0.08070076598696872
3806,0.0925,0.0868831805700748
3807,0.08989583333333331,0.10309206123789444
3808,0.10489583333333333,0.10749369127160183
3809,0.1003125,0.12671360150179442
3810,0.0825520833333333,0.12623883725747023
3811,0.08232638888888891,0.1472326180488394
3812,0.09168402777777773,0.1361294995816353
3813,0.08633680555555551,0.1202156358608169
3814,0.09022569444444448,0.12257879966068297
3815,0.06855902777777781,0.11140415052218061
3816,0.0890451388888889,0.08202980965813679
3817,0.11392361111111113,0.08721420478013944
3818,0.1175,0.06761090747081996
3819,0.1384548611111111,0.0687595063047458
3820,0.12848958333333332,0.06695852860503573
3821,0.11963541666666669,0.0848775063295875
3822,0.12265625,0.10073095752027472
3823,0.14998263888888888,0.11863794385086614
3824,0.13484375000000004,0.12582170243225685
3825,0.1570138888888889,0.14522713375955412
3826,0.16859375000000001,0.16216372290118902
3827,0.17602430555555557,0.18291725410271192
3828,0.1888194444444444,0.2200946656421636
3829,0.1866319444444444,0.21782549069431506
3830,0.1809027777777778,0.19873782197821596
3831,0.16515625000000003,0.18380491697541793
3832,0.16864583333333336,0.16871675341217435
3833,0.1603298611111111,0.1629411903504695
3834,0.19918402777777786,0.1503524916080054
3835,0.16791666666666666,0.12084922668464941
3836,0.17090277777777776,0.10287242263846116
3837,0.19953125000000005,0.11682691050536759
3838,0.19859375,0.12777527855534432
3839,0.20263888888888892,0.12458965730109509
3840,0.2180902777777778,0.13239099326030684
3841,0.2177951388888889,0.16186992136707637
3842,0.16935763888888888,0.1828010879694865
3843,0.19602430555555558,0.20512132793755256
3844,0.19828125000000005,0.2337499129623278
3845,0.19944444444444442,0.2463864838641547
3846,0.18432291666666673,0.2515735688127304
3847,0.184375,0.22962350298913217
3848,0.19946180555555557,0.20416203772270494
3849,0.19779513888888886,0.17874260839121323
3850,0.1887152777777778,0.1706357116883657
3851,0.18651041666666662,0.14687301454036278
3852,0.15246527777777782,0.1257005494603944
3853,0.18069444444444446,0.11769881762585678
3854,0.17520833333333333,0.10753860135435088
3855,0.19239583333333335,0.09244443948859829
3856,0.1641493055555556,0.1000616024208669
3857,0.18173611111111115,0.13299436984799556
3858,0.18475694444444446,0.13647382050933277
3859,0.2092534722222222,0.14860020829846254
3860,0.20852430555555554,0.17267219809311926
3861,0.2210069444444444,0.20062404150092178
3862,0.16815972222222225,0.20778798124177913
3863,0.11477430555555557,0.22612306055584588
3864,0.13187499999999994,0.21309882944566144
3865,0.1302777777777778,0.21119133104428353
3866,0.12390625000000005,0.20526718302727154
3867,0.14055555555555563,0.18894832857666027
3868,0.12109374999999997,0.17719053893386524
3869,0.14531249999999998,0.1685265689055685
3870,0.15772569444444448,0.15401413504260095
3871,0.16230902777777778,0.13057594518862195
3872,0.21932291666666665,0.12117589059987804
3873,0.16557291666666668,0.1389263241650298
3874,0.1491319444444444,0.1394789548929325
3875,0.1581076388888889,0.13877042799688644
3876,0.16960069444444445,0.14798266593733375
3877,0.1524652777777778,0.16152921457873443
3878,0.14494791666666668,0.17455965960463124
3879,0.15038194444444444,0.20043438492461324
3880,0.16105902777777778,0.21568892819666066
3881,0.1817013888888889,0.2395189954877481
3882,0.18057291666666667,0.22480031286469
3883,0.20633680555555556,0.24458705556765237
3884,0.21807291666666667,0.2459523513534374
3885,0.21645833333333334,0.23162963864006647
3886,0.21220486111111111,0.21539330527496062
3887,0.28543402777777777,0.2135394598180908
3888,0.276875,0.1777788424989818
3889,0.2556770833333334,0.15936500002669016
3890,0.25263888888888886,0.13669743771277373
3891,0.2053472222222222,0.13416767310411568
3892,0.16401041666666671,0.15762025040480557
3893,0.17993055555555557,0.14886504784245294
3894,0.16902777777777778,0.15546779518442452
3895,0.19479166666666672,0.16710453548976462
3896,0.18357638888888886,0.19247086219272222
3897,0.2264236111111111,0.21560462419383644
3898,0.21550347222222224,0.24666229274717064
3899,0.20786458333333335,0.26541859321154543
3900,0.25340277777777775,0.27173331814520024
3901,0.2645659722222222,0.26852245573272887
3902,0.2772048611111111,0.2644412855285547
3903,0.27767361111111105,0.27223525824441686
3904,0.2630729166666667,0.2495187696906816
3905,0.2565972222222222,0.22282238292541828
3906,0.2835590277777778,0.2143983612880778
3907,0.24588541666666666,0.1785166336131244
3908,0.24730902777777777,0.17373710792526548
3909,0.21909722222222222,0.15930512796004806
3910,0.2126736111111111,0.16735639256833798
3911,0.2152777777777778,0.17025849324933529
3912,0.20706597222222223,0.1874753206816294
3913,0.2136458333333333,0.19975888786547147
3914,0.23829861111111109,0.21869255749323546
3915,0.23963541666666666,0.23561183489046425
3916,0.24581597222222218,0.27511418752434375
3917,0.28482638888888884,0.27979450199881595
3918,0.29020833333333335,0.2624041450317832
3919,0.30151041666666667,0.2776908723646098
3920,0.2965451388888889,0.26314595770122445
3921,0.3141666666666667,0.26618311464259586
3922,0.29336805555555556,0.24794107800761905
3923,0.2965277777777777,0.21678950066008876
3924,0.2829513888888889,0.1904927883445078
3925,0.24822916666666667,0.17571437771201942
3926,0.25140624999999994,0.1641227815840806
3927,0.23812500000000003,0.15775040032305254
3928,0.18180555555555553,0.16051554567444107
3929,0.16005208333333332,0.14404703045709394
3930,0.17303819444444443,0.14076458371704026
3931,0.18440972222222224,0.14818585719809413
3932,0.17427083333333335,0.1658801755451473
3933,0.1309548611111111,0.16432015060476415
3934,0.12435763888888887,0.15083723493681353
3935,0.12666666666666668,0.14768364861908187
3936,0.13777777777777778,0.1426476029876327
3937,0.15038194444444442,0.1515260750744542
3938,0.19597222222222221,0.13928033379186325
3939,0.23458333333333337,0.1293304992575009
3940,0.23737847222222222,0.10879544562930832
3941,0.22887152777777778,0.13043293707117506
3942,0.23484375,0.11224451361947993
3943,0.24300347222222224,0.11883746499695291
3944,0.22618055555555555,0.10730949263098366
3945,0.16039930555555557,0.10970257521224515
3946,0.1279861111111111,0.10474129122914594
3947,0.1373090277777778,0.11163251279663507
3948,0.120625,0.0987458793971509
3949,0.0711111111111111,0.10066635743337653
3950,0.050000000000000024,0.08767096393143323
3951,0.031336805555555555,0.0909581881271003
3952,0.013298611111111105,0.09928532719383894
3953,0.040520833333333325,0.0997142727893889
3954,0.01612847222222221,0.08769689769130824
3955,0.015295138888888886,0.07423002269818041
3956,0.03171875,0.05933315868566292
3957,0.0390625,0.056292229518528275
3958,0.04890625,0.04756098173405323
3959,0.05215277777777778,0.03582029330453395
3960,0.04010416666666667,0.04169972646792782
3961,0.051145833333333335,0.03841406241172914
3962,0.04765625,0.0377928739815421
3963,0.02439236111111111,0.041693021902087304
3964,-0.0005729166666666695,0.04876805332565173
3965,-0.01559027777777778,0.043050696970491215
3966,-0.030781250000000007,0.05721189996317053
3967,-0.023107638888888886,0.050897167082211946
3968,-0.030364583333333327,0.05721341720704109
3969,-0.021267361111111115,0.04689981660465374
3970,-0.009739583333333338,0.058370918880954276
3971,0.05432291666666667,0.05576802091806787
3972,0.08399305555555556,0.061804424146947624
3973,0.09869791666666666,0.0760042894725631
3974,0.10322916666666668,0.0648318471337797
3975,0.10015625,0.04369593012965663
3976,0.10850694444444443,0.03708853479958796
3977,0.10185763888888888,0.040731760390321926
3978,0.07770833333333334,0.04279234622959266
3979,0.06998263888888889,0.05083530480106146
3980,0.053888888888888896,0.045963501501661175
3981,0.055607638888888894,0.03343644082924994
3982,-0.0008506944444444248,0.046244111575643065
3983,-0.05385416666666666,0.0338687468603267
3984,-0.03991319444444446,0.04437155277537966
3985,-0.048211805555555556,0.03483371423042899
3986,-0.034583333333333334,0.04836980035937253
3987,-0.011250000000000007,0.0696231641240104
3988,-0.021024305555555567,0.05520457982086542
3989,0.055989583333333336,0.06644006491991485
3990,0.11548611111111111,0.07707870356466744
3991,0.10491319444444444,0.07670075425080738
3992,0.10102430555555555,0.06928201707617025
3993,0.11203125,0.06769168465186064
3994,0.13984375,0.0716563893127492
3995,0.10907986111111112,0.06464265355522826
3996,0.11208333333333333,0.05563016907942627
3997,0.09335069444444445,0.05330970806031562
3998,0.07420138888888889,0.05295850362038071
3999,0.052829861111111126,0.053988737434509215
4000,0.05814236111111112,0.04915700737371065
4001,0.0444097222222222,0.04471200387921639
4002,0.05197916666666667,0.05056334122360236
4003,0.04894097222222224,0.04684989361083385
4004,0.06269097222222224,0.0577238564870309
4005,0.05338541666666665,0.06864387721669193
4006,0.06236111111111112,0.07669477110427839
4007,0.053420138888888885,0.07515063520131593
4008,0.0921875,0.07778509390193813
4009,0.1353125,0.0900967602929083
4010,0.12831597222222224,0.09444609277820164
4011,0.12416666666666666,0.10382663250850216
4012,0.12428819444444444,0.09737459692473113
4013,0.12508680555555557,0.10564296596649635
4014,0.12135416666666668,0.08719198017163046
4015,0.11192708333333334,0.07888754591298687
4016,0.0995486111111111,0.08341559886188946
4017,0.08342013888888888,0.0820455491652529
4018,0.07699652777777777,0.09683271584405417
4019,0.06684027777777776,0.0746913417835216
4020,0.05815972222222221,0.0571680379080494
4021,0.052430555555555564,0.05232864682144552
4022,0.05302083333333335,0.05954371133065001
4023,0.05670138888888887,0.08270605201397087
4024,0.0628125,0.08065251737563918
4025,0.06696180555555556,0.08804861528741742
4026,0.0872048611111111,0.0879889903090478
4027,0.09015625,0.08067049279084673
4028,0.1040798611111111,0.09675790819126959
4029,0.10616319444444444,0.10554236399889896
4030,0.1073611111111111,0.12377048188308465
4031,0.1067013888888889,0.11719112134322333
4032,0.10227430555555557,0.11662088971501
4033,0.07855902777777776,0.09136141997103717
4034,0.0681597222222222,0.08973950104518917
4035,0.055364583333333314,0.07264310663676408
4036,0.033107638888888846,0.061490675831517905
4037,0.013038194444444443,0.04064446723148965
4038,0.01843749999999998,0.03624236629392917
4039,-0.02421875000000001,0.037506979963827326
4040,-0.05440972222222223,0.05131314801247938
4041,-0.03968750000000003,0.05038728051993325
4042,-0.007847222222222228,0.0667206722082657
4043,0.007916666666666669,0.05073055696246812
4044,0.02444444444444445,0.06480569545634277
4045,0.07118055555555555,0.0674848519811193
4046,0.11038194444444444,0.061809427547253146
4047,0.11675347222222221,0.07000582339437363
4048,0.13072916666666667,0.06473880815438295
4049,0.10711805555555556,0.070818898311289
4050,0.07725694444444445,0.08215676941556593
4051,0.07269097222222223,0.08919338207707145
4052,0.06190972222222222,0.07878215894904658
4053,0.030711805555555534,0.06710515024015563
4054,0.006510416666666678,0.043914404640115895
4055,0.022812500000000013,0.036186786358344186
4056,0.014461805555555554,0.031262463756760235
4057,0.020086805555555566,0.03746233721469059
4058,0.02045138888888888,0.031067736225578117
4059,0.045868055555555565,0.04243888011628832
4060,0.03916666666666667,0.03820602728409921
4061,0.05725694444444444,0.048528203108229556
4062,0.0776388888888889,0.05519243307021241
4063,0.09670138888888889,0.044007454562821124
4064,0.06920138888888888,0.051384184750907856
4065,0.050746527777777786,0.06004981465150233
4066,0.07189236111111111,0.053150777265615255
4067,0.03600694444444444,0.04666184819287264
4068,-0.001302083333333334,0.04343265985223882
4069,0.0036284722222222204,0.037032259258528835
4070,-0.006406250000000002,0.03998456869227107
4071,-0.008020833333333338,0.04727594727736529
4072,-0.034062499999999996,0.05542048467424096
4073,-0.048767361111111115,0.08010832998921688
4074,-0.060329861111111105,0.06270197159575287
4075,-0.08522569444444446,0.06812657725903773
4076,-0.07749999999999999,0.06297458702612595
4077,-0.07876736111111111,0.06508562004344003
4078,-0.06769097222222223,0.05594294461484651
4079,-0.07376736111111111,0.0678735542022823
4080,-0.06652777777777777,0.07989752340189384
4081,-0.05913194444444444,0.07124166584081741
4082,-0.049027777777777774,0.08004853459988824
4083,-0.040677083333333336,0.08276290771371658
4084,-0.033993055555555554,0.07623011434937726
4085,-0.036788194444444436,0.07602138753248962
4086,-0.03413194444444445,0.07854336284886218
4087,-0.03954861111111111,0.0707491244410989
4088,-0.04583333333333333,0.06736298143165213
4089,-0.04314236111111111,0.06452252448258446
4090,-0.04807291666666667,0.0732811019306725
4091,-0.05576388888888889,0.06578042294794004
4092,-0.046336805555555555,0.05838444612964115
4093,-0.03383680555555556,0.08535629253233161
4094,-0.053697916666666665,0.0849005143136905
4095,-0.04760416666666667,0.09641130062855127
4096,-0.07131944444444445,0.09072866171139835
4097,-0.09553819444444445,0.10741466481133587
4098,-0.07755208333333334,0.10863970350636726
4099,-0.07385416666666668,0.11707791172204281
4100,-0.05862847222222223,0.09524189887953613
4101,-0.04552083333333333,0.09065079853098679
4102,-0.05274305555555556,0.08667208488894745
4103,-0.042170138888888875,0.0930995066838293
4104,-0.07038194444444444,0.0794128952871371
4105,-0.10274305555555555,0.07229245883598419
4106,-0.1015625,0.08006338363637623
4107,-0.12020833333333333,0.09737427346041892
4108,-0.11470486111111111,0.09253333625447364
4109,-0.13526041666666666,0.10598170015728738
4110,-0.16270833333333332,0.1114292699646781
4111,-0.13196180555555553,0.12773788935258737
4112,-0.05762152777777778,0.12518766896904027
4113,-0.06970486111111111,0.1171609910860794
4114,-0.05500000000000001,0.11765771404209378
4115,-0.07039930555555556,0.11968146224053096
4116,-0.04640625,0.11188461366592642
4117,-0.03682291666666665,0.10846097498463701
4118,-0.030052083333333326,0.10423020197783499
4119,-0.027725694444444445,0.09836984036944156
4120,-0.02432291666666667,0.10199423460779128
4121,-0.03022569444444444,0.09342988202615117
4122,-0.020954861111111105,0.08086530672836391
4123,-0.04465277777777777,0.09440016961602318
4124,-0.08335069444444444,0.09542882277662046
4125,-0.08925347222222221,0.07505388247387343
4126,-0.09090277777777778,0.08523009915113162
4127,-0.10125,0.092208919357228
4128,-0.09583333333333335,0.0878017490453161
4129,-0.11756944444444445,0.08288843187848767
4130,-0.07343749999999999,0.08646065508930767
4131,-0.011736111111111114,0.078440420362732
4132,-0.023124999999999996,0.07386209995002699
4133,-0.009270833333333336,0.07351502999670657
4134,0.006944444444444441,0.07261324933889454
4135,0.023958333333333335,0.05464879582769109
4136,0.02677083333333333,0.057997638990498764
4137,0.024583333333333336,0.04201766225020405
4138,0.012430555555555556,0.028264805984302224
4139,0.008784722222222222,0.026884665753931506
4140,0.009027777777777773,0.024008979279301956
4141,0.007256944444444441,0.03131288040970471
4142,-0.00854166666666667,0.035989997887144506
4143,-0.019861111111111114,0.03231874238243343
4144,-0.01621527777777778,0.03534058754039917
4145,-0.019444444444444445,0.031197274192667365
4146,-0.015277777777777772,0.036477656916111066
4147,-0.0253125,0.030586178625592743
4148,-0.038125000000000006,0.04376128326722658
4149,-0.033993055555555554,0.0369752867030763
4150,-0.03711805555555556,0.042881325906470216
4151,-0.03177083333333333,0.035778027814645626
4152,-0.02456597222222223,0.039053073708335335
4153,-0.03138888888888889,0.03772174344627437
4154,-0.03350694444444444,0.03843771956175372
4155,-0.02385416666666667,0.038263778609439796
4156,-0.029513888888888888,0.03742197064506193
4157,-0.019409722222222224,0.04030508233985931
4158,-0.0031597222222222235,0.042165746563486484
4159,-0.0017361111111111119,0.04322994756099691
4160,-0.014548611111111116,0.03615156988313829
4161,-0.019322916666666665,0.037572015630079586
4162,-0.0357986111111111,0.03633867599501924
4163,-0.04510416666666667,0.04259295899852463
4164,-0.04756944444444444,0.03647983823440045
4165,-0.05434027777777778,0.039803920572958576
4166,-0.055381944444444435,0.04027635593754758
4167,-0.06489583333333335,0.054790379420873996
4168,-0.05996527777777777,0.04492034434456121
4169,-0.06434027777777779,0.055280798441337015
4170,-0.057743055555555554,0.047006592552974506
4171,-0.05241319444444445,0.058552397959514974
4172,-0.055086805555555576,0.04488722915854393
4173,-0.04227430555555556,0.031265934402023486
4174,-0.00690972222222222,0.03572018972639292
4175,-0.03097222222222222,0.03234234747510789
4176,0.01869791666666666,0.03413779426670436
4177,0.06831597222222223,0.03306124940019669
4178,0.04920138888888887,0.03892450935627247
4179,0.07144097222222222,0.02599352610559033
4180,0.06862847222222222,0.028911671580326738
4181,0.07137152777777778,0.02409812903553131
4182,0.05425347222222223,0.03771338865872739
4183,0.05623263888888889,0.03843742550554861
4184,0.04680555555555556,0.040576300345045724
4185,0.05088541666666668,0.03518555877070797
4186,0.06600694444444444,0.032935377652005854
4187,0.05666666666666667,0.0344197940467723
4188,0.05616319444444444,0.03863948812963915
4189,0.06397569444444445,0.026164669002906107
4190,0.061579861111111106,0.0389269136087837
4191,0.06019097222222223,0.030217157276065047
4192,0.0503125,0.04132030519645006
4193,0.05814236111111112,0.038052137829345245
4194,0.06352430555555555,0.057278957449761914
4195,0.056284722222222236,0.04001151213582238
4196,0.04008680555555555,0.04333931819092056
4197,0.04784722222222222,0.03666502258519473
4198,0.04123263888888889,0.04402079786614931
4199,0.046510416666666665,0.03472240017315511
4200,0.02355902777777777,0.04762970445661224
4201,0.045312500000000006,0.055690796759877655
4202,0.06744791666666666,0.07351349864825468
4203,0.056979166666666664,0.0706764500401497
4204,0.0734895833333333,0.06603051381248126
4205,0.07564236111111111,0.06891162128081268
4206,0.07302083333333334,0.06971816714358683
4207,0.0642013888888889,0.07913487726757604
4208,0.06887152777777777,0.07491887531569513
4209,0.06428819444444445,0.07833553614724341
4210,0.0696701388888889,0.07458627730908637
4211,0.061371527777777775,0.07985074094808113
4212,0.08414930555555557,0.06844232015904968
4213,0.10890625000000001,0.06891128886842085
4214,0.09329861111111111,0.07387232544614382
4215,0.09815972222222223,0.07782957259779968
4216,0.08416666666666668,0.0916078765073967
4217,0.09260416666666667,0.08538274224696175
4218,0.08791666666666666,0.09315016438525484
4219,0.10423611111111113,0.09867328585701901
4220,0.09064236111111111,0.09864118434477072
4221,0.1086111111111111,0.09927144664806073
4222,0.09795138888888892,0.11411120641123089
4223,0.13119791666666666,0.11669122927817407
4224,0.15609375,0.11638564787858534
4225,0.16993055555555558,0.11072003115514786
4226,0.20225694444444445,0.10671698619595155
4227,0.19237847222222224,0.10798828960155205
4228,0.19729166666666664,0.10733105061948911
4229,0.19515624999999998,0.10712174296957774
4230,0.19473958333333335,0.11276070534989989
4231,0.200625,0.13146580307620773
4232,0.19880208333333335,0.1305185575253839
4233,0.18364583333333334,0.13967949890085676
4234,0.18546875,0.13055471635553276
4235,0.17480902777777776,0.13132575272945352
4236,0.17755208333333336,0.12551993645945142
4237,0.16210069444444444,0.11902288663496834
4238,0.15942708333333333,0.10774954129913321
4239,0.14126736111111113,0.1029706585043911
4240,0.13276041666666666,0.10782876537932339
4241,0.13265625000000003,0.10668386956411736
4242,0.13704861111111116,0.10685901958896794
4243,0.14338541666666668,0.11922393774208755
4244,0.14173611111111115,0.13201094815241182
4245,0.14208333333333337,0.12851650888331645
4246,0.14394097222222224,0.12972874757744762
4247,0.13039930555555554,0.13109042074452307
4248,0.08661458333333333,0.13472540915653525
4249,0.11328124999999999,0.12012418749363904
4250,0.13585069444444445,0.11972551640745441
4251,0.1340451388888889,0.11988766408158531
4252,0.12869791666666666,0.11651265178157097
4253,0.12598958333333338,0.11480935331455772
4254,0.11427083333333332,0.1071811222592393
4255,0.09342013888888889,0.07760846410236406
4256,0.10022569444444446,0.0754363612028817
4257,0.09600694444444444,0.07116234523157612
4258,0.10107638888888887,0.07940412729889275
4259,0.11159722222222224,0.08143054785661456
4260,0.11531249999999998,0.07524886373265417
4261,0.11937499999999998,0.07962177300281068
4262,0.12444444444444444,0.08685436127968743
4263,0.1307986111111111,0.08741602010494218
4264,0.14538194444444447,0.10567930657035633
4265,0.14090277777777777,0.11254343725896118
4266,0.1404513888888889,0.11392348940865187
4267,0.13059027777777774,0.1211966918578389
4268,0.13364583333333332,0.11727075746133626
4269,0.11454861111111114,0.10787997195385914
4270,0.10352430555555553,0.0954645193390861
4271,0.09248263888888886,0.08607725203782639
4272,0.08911458333333333,0.077635847140897
4273,0.0879513888888889,0.08184658263085126
4274,0.09241319444444446,0.07539607551220917
4275,0.09937499999999996,0.07353015726746255
4276,0.09661458333333334,0.0731270959160697
4277,0.09913194444444443,0.07357762603175735
4278,0.09559027777777782,0.07313804852188432
4279,0.10185763888888888,0.07377533641284147
4280,0.08222222222222222,0.07502313654193288
4281,0.05038194444444444,0.0866836018331881
4282,0.06543402777777782,0.08419677285457101
4283,0.0648611111111111,0.10084286834126252
4284,0.0687152777777778,0.10843058980188179
4285,0.06428819444444443,0.1079076072832087
4286,0.06986111111111111,0.10646277827387943
4287,0.06154513888888884,0.10979307361044197
4288,0.08317708333333337,0.10190121137327209
4289,0.11314236111111112,0.10118591894815943
4290,0.10005208333333332,0.09552885564731067
4291,0.09852430555555555,0.08975285592719147
4292,0.09684027777777779,0.09125867353712837
4293,0.09890625,0.0902440658877435
4294,0.09649305555555557,0.0914238946381222
4295,0.09921874999999997,0.08922981664192406
4296,0.0957986111111111,0.09129156339269308
4297,0.10253472222222221,0.09346205135972184
4298,0.10671875,0.10158767049207763
4299,0.10782986111111109,0.09937939325883711
4300,0.1038715277777778,0.09922207938906993
4301,0.11725694444444443,0.10599389864042606
4302,0.13774305555555555,0.12319453741541024
4303,0.13048611111111114,0.11722592991273015
4304,0.1359027777777778,0.12018124554388007
4305,0.1287326388888889,0.12176671080410341
4306,0.12369791666666669,0.1355004648573668
4307,0.12482638888888886,0.12782749259315976
4308,0.12375,0.1352354556772085
4309,0.12774305555555557,0.12401397366256856
4310,0.13526041666666666,0.11933091872629868
4311,0.13215277777777779,0.1186470628818025
4312,0.13444444444444445,0.12035666377178578
4313,0.13185763888888888,0.11779654107492639
4314,0.13723958333333333,0.1235418533057893
4315,0.14359375000000002,0.1308725661883695
4316,0.14083333333333334,0.1288641029583103
4317,0.14626736111111113,0.1317505531257423
4318,0.1501736111111111,0.14430020843478011
4319,0.13682291666666668,0.15072071683583163
4320,0.15876736111111112,0.15322199564790928
4321,0.21420138888888887,0.16256055970310773
4322,0.23331597222222222,0.15555488222975555
4323,0.23112847222222224,0.16091923234002206
4324,0.22609375,0.14866420005953107
4325,0.20604166666666668,0.14404366893073703
4326,0.20352430555555556,0.15124654945973504
4327,0.1883159722222222,0.13551539425451842
4328,0.1893923611111111,0.13748052546045744
4329,0.1781597222222222,0.1394644973338717
4330,0.16756944444444444,0.15872616275662105
4331,0.16873263888888887,0.14769600883814302
4332,0.16973958333333333,0.16274941629492956
4333,0.1668923611111111,0.1701003224784491
4334,0.17428819444444443,0.17535330795957335
4335,0.17621527777777776,0.17913216991327802
4336,0.18411458333333333,0.18508151621172
4337,0.1801388888888889,0.18435926316498896
4338,0.1919965277777778,0.1860673606653181
4339,0.22505208333333332,0.2090087553925174
4340,0.21258680555555554,0.1966757094704333
4341,0.20081597222222222,0.19491203775524488
4342,0.20064236111111114,0.19229015641962405
4343,0.24345486111111111,0.18923836724572513
4344,0.2189236111111111,0.19483759547166996
4345,0.22885416666666666,0.20425614535838735
4346,0.2129166666666667,0.20307956222562132
4347,0.2179340277777778,0.21365457225770812
4348,0.20756944444444445,0.20571230298910237
4349,0.22241319444444443,0.2219426199177979
4350,0.21765624999999997,0.24132069906248602
4351,0.22843750000000002,0.2408525934844681
4352,0.21164930555555558,0.263893946977292
4353,0.22451388888888896,0.26060957900983245
4354,0.23041666666666666,0.2675342535506746
4355,0.24979166666666666,0.27236647387986285
4356,0.22140625000000003,0.2729206076766979
4357,0.2458506944444445,0.27430672962565195
4358,0.24475694444444446,0.2787180894546938
4359,0.2081076388888889,0.2839504705177865
4360,0.20914930555555553,0.27978607832816454
4361,0.21571180555555558,0.27082299270234395
4362,0.2373784722222223,0.271688057114347
4363,0.25100694444444444,0.263752541530087
4364,0.2950868055555555,0.25444251180522853
4365,0.2776388888888889,0.2571430538714219
4366,0.28975694444444444,0.2556665859348465
4367,0.27786458333333336,0.2543038020156562
4368,0.275625,0.24368437506901788
4369,0.2791319444444444,0.25850107028248714
4370,0.28177083333333336,0.2822211820060937
4371,0.2836979166666667,0.28626296841832966
4372,0.34045138888888893,0.2861188750463576
4373,0.35640625,0.28559210411861147
4374,0.35567708333333337,0.2842295921363695
4375,0.35802083333333334,0.28804874789381474
4376,0.36710069444444443,0.2933188289049013
4377,0.3621180555555556,0.2922883359047045
4378,0.3668923611111111,0.2921697386205589
4379,0.3577951388888889,0.2937981726203384
4380,0.34008680555555554,0.2913867668411569
4381,0.3399305555555555,0.28629308786038793
4382,0.3276041666666666,0.2836962672447615
4383,0.3064756944444445,0.27657020558858003
4384,0.31387152777777777,0.27950875221729404
4385,0.30907986111111113,0.2773791198538266
4386,0.3127951388888889,0.27902204883315246
4387,0.3098090277777778,0.2777509801527096
4388,0.3116319444444444,0.2784192138346961
4389,0.31315972222222227,0.28067471814447126
4390,0.3227951388888889,0.2898256343961067
4391,0.31765625000000003,0.2851121065527583
4392,0.32244791666666667,0.28938872826357104
4393,0.3167881944444444,0.2846428036468172
4394,0.32645833333333335,0.29284497848454066
4395,0.32236111111111104,0.2887687926451019
4396,0.30809027777777775,0.27641540911291784
4397,0.31288194444444445,0.27875353361681
4398,0.30944444444444447,0.2792622573351322
4399,0.3127777777777778,0.27266808194020553
4400,0.3093402777777778,0.258707534946544
4401,0.3138020833333333,0.26618850053456533
4402,0.3034722222222222,0.2549107722960364
4403,0.28862847222222215,0.2434009952235013
4404,0.2826388888888889,0.23691267891066223
4405,0.2868055555555556,0.2413500205449597
4406,0.2807465277777778,0.2349787395009548
4407,0.29342013888888885,0.24767421776352172
4408,0.30416666666666664,0.2525943726623664
4409,0.32065972222222217,0.2463335722736337
4410,0.30331597222222223,0.2557847049945016
4411,0.27576388888888886,0.2565743674981949
4412,0.2777604166666667,0.2537701023868876
4413,0.2718229166666667,0.2474842221489556
4414,0.25706597222222216,0.24952131122124355
4415,0.22585069444444444,0.2398635093099325
4416,0.24737847222222226,0.2355957361655809
4417,0.23402777777777783,0.234888023911408
4418,0.24715277777777772,0.23806176455341152
4419,0.2497569444444444,0.24594013736487275
4420,0.2622048611111111,0.250622802191073
4421,0.2538888888888889,0.2488516643479915
4422,0.26147569444444446,0.24999574227180676
4423,0.2539756944444445,0.24980200070617808
4424,0.2620659722222222,0.24545422610882012
4425,0.2502256944444445,0.22766743985014745
4426,0.2537152777777778,0.23241569672901605
4427,0.25909722222222226,0.2306487324267396
4428,0.27310763888888884,0.22147877552010145
4429,0.24871527777777772,0.22470311935957374
4430,0.22192708333333333,0.22716651405633478
4431,0.2289930555555555,0.22668202200677548
4432,0.22545138888888888,0.226466052800387
4433,0.22718750000000001,0.22750181241646797
4434,0.22868055555555553,0.22314760126047173
4435,0.23913194444444444,0.21536562387786606
4436,0.23126736111111107,0.2194487469086401
4437,0.24439236111111112,0.21296243780443
4438,0.22914930555555557,0.20437154382365702
4439,0.19788194444444446,0.20359077355512628
4440,0.20836805555555557,0.20376673615748642
4441,0.20130208333333327,0.20331145955817054
4442,0.20706597222222223,0.20355593014700682
4443,0.20164930555555555,0.2027717496071725
4444,0.20965277777777774,0.20672149623629577
4445,0.2131423611111111,0.2095753206362151
4446,0.21602430555555552,0.21408978956108443
4447,0.22729166666666664,0.21677283556659802
4448,0.23104166666666665,0.20455620258833784
4449,0.2343402777777778,0.21324119838858677
4450,0.24114583333333334,0.21621123508523635
4451,0.2422743055555555,0.2198000049157781
4452,0.2514236111111111,0.22545512953157393
4453,0.24729166666666666,0.2244552626483851
4454,0.24998263888888894,0.22402684204637704
4455,0.2487847222222222,0.22625146007645652
4456,0.24395833333333333,0.21774296973279195
4457,0.22539930555555557,0.20573614981702082
4458,0.23708333333333334,0.20948336229844391
4459,0.21633680555555557,0.21016893950628932
4460,0.19868055555555555,0.22585688865554573
4461,0.21758680555555554,0.229898825817717
4462,0.20680555555555558,0.23810733192044864
4463,0.17717013888888894,0.23643691331538252
4464,0.18303819444444444,0.22807813934502183
4465,0.1865972222222222,0.22153605000229032
4466,0.18692708333333333,0.22466116099870206
4467,0.18642361111111114,0.22153125813619243
4468,0.18647569444444442,0.22526079131846388
4469,0.18939236111111107,0.21810784894123453
4470,0.19789930555555552,0.21325686815142406
4471,0.1940625,0.21408530900379408
4472,0.1951388888888889,0.21216730549004087
4473,0.17685763888888892,0.20003657630556004
4474,0.16781249999999998,0.1811248370523
4475,0.16944444444444443,0.16726596534734808
4476,0.1680208333333333,0.17406514934149736
4477,0.17277777777777775,0.16321992265653779
4478,0.17621527777777776,0.16277630385424843
4479,0.16756944444444444,0.17456032178406988
4480,0.18850694444444446,0.18666746754953858
4481,0.19586805555555553,0.19936116384514652
4482,0.1957986111111111,0.1941353197554304
4483,0.19725694444444442,0.2008500694194614
4484,0.21057291666666667,0.19990341227815847
4485,0.21269097222222222,0.18987543713858482
4486,0.21442708333333332,0.19405850913994485
4487,0.21203124999999998,0.19068351361733238
4488,0.21506944444444442,0.19420099156643303
4489,0.20960069444444443,0.18880827735688943
4490,0.2005034722222222,0.1821220383064664
4491,0.19385416666666666,0.17542507897485277
4492,0.19670138888888888,0.17945387052771122
4493,0.19651041666666666,0.17325951985278631
4494,0.21125000000000002,0.16573322590880468
4495,0.21197916666666672,0.15753134333187302
4496,0.21586805555555558,0.16302141758267094
4497,0.20791666666666667,0.1543139077272543
4498,0.20536458333333335,0.15230464241631803
4499,0.20225694444444445,0.15001499330288148
4500,0.20901041666666664,0.15344348433962493
4501,0.18815972222222221,0.15020182779229108
4502,0.15795138888888888,0.16035152296816477
4503,0.1690104166666666,0.15228319665513643
4504,0.15758680555555554,0.16483346648925687
4505,0.1594965277777778,0.1539935380253622
4506,0.1648611111111111,0.13277569842339745
4507,0.1650694444444444,0.14104045711090302
4508,0.16098958333333332,0.13445855969470152
4509,0.1543576388888889,0.1526440317747112
4510,0.15597222222222223,0.14510319038649527
4511,0.15611111111111114,0.1478014964713893
4512,0.15203124999999998,0.15040138174012987
4513,0.1476388888888889,0.15439971202842273
4514,0.1593402777777778,0.14529576848451634
4515,0.14991319444444448,0.1463785865435108
4516,0.14692708333333332,0.14018140877253085
4517,0.1462673611111111,0.14261647257220691
4518,0.1467708333333333,0.1418633744625049
4519,0.14927083333333335,0.13828669363108176
4520,0.15810763888888885,0.1299345652051453
4521,0.1535763888888889,0.1335098206235485
4522,0.15699652777777778,0.13064664306382484
4523,0.1566145833333334,0.13447058333374648
4524,0.16861111111111113,0.13726835847220697
4525,0.15998263888888886,0.13776420608454762
4526,0.16994791666666667,0.13598304034431913
4527,0.15276041666666668,0.1434682568846048
4528,0.15081597222222223,0.16120757203477276
4529,0.12743055555555552,0.14880471958184072
4530,0.0879166666666667,0.14313076165016225
4531,0.08585069444444443,0.1363483894544025
4532,0.06161458333333336,0.1374362324514587
4533,0.06791666666666671,0.12304080948454098
4534,0.07,0.12420131123223119
4535,0.07506944444444447,0.11647871558535311
4536,0.08086805555555554,0.11379408846609847
4537,0.07996527777777779,0.11186243377249654
4538,0.07951388888888888,0.11562993712348933
4539,0.08281250000000001,0.106904540264512
4540,0.09326388888888887,0.10589848010405421
4541,0.09944444444444447,0.1127070122552138
4542,0.09522569444444448,0.1128180210615922
4543,0.10479166666666667,0.10670409499587581
4544,0.09336805555555558,0.09984968930971652
4545,0.057413194444444454,0.10983177465322173
4546,0.07418402777777779,0.10792537061147499
4547,0.05456597222222223,0.10074371549581644
4548,0.051059027777777766,0.08569410854708616
4549,0.04461805555555555,0.09158676415531537
4550,0.05826388888888892,0.08613262080145095
4551,0.04163194444444443,0.07833434144101113
4552,0.011753472222222214,0.07267259291172373
4553,0.020902777777777756,0.07440234156116292
4554,0.015555555555555586,0.07238718140413951
4555,0.01991319444444445,0.07459539340020693
4556,0.014774305555555534,0.07197274494656118
4557,0.02788194444444446,0.07814913207538395
4558,0.052239583333333325,0.08327499585647442
4559,0.0520486111111111,0.07329716365221697
4560,0.05475694444444444,0.0770432437667835
4561,0.05159722222222224,0.07442421405777346
4562,0.057413194444444454,0.0779666315368203
4563,0.06560763888888889,0.08488774707285916
4564,0.07374999999999998,0.0889686396254633
4565,0.06809027777777778,0.0881750922009445
4566,0.07722222222222225,0.08438720905037521
4567,0.0759548611111111,0.06952065479685508
4568,0.0712326388888889,0.07304174333743943
4569,0.06739583333333336,0.06485092413459588
4570,0.0611284722222222,0.06358648853649654
4571,0.062395833333333345,0.062152768078832264
4572,0.06260416666666666,0.06369832123747235
4573,0.06095486111111112,0.06188082816811986
4574,0.06642361111111109,0.06536341899877848
4575,0.07166666666666668,0.07132519180563843
4576,0.07171875000000001,0.07023091331383803
4577,0.06758680555555553,0.06723744958171643
4578,0.06036458333333332,0.061693955990268334
4579,0.06555555555555556,0.0657412623870801
4580,0.07345486111111109,0.07098516755511627
4581,0.06822916666666667,0.06981599389446676
4582,0.07597222222222222,0.0703798203099957
4583,0.0546875,0.07206187963498994
4584,0.024635416666666667,0.08320017029834502
4585,0.037395833333333336,0.08085527784171613
4586,0.03979166666666666,0.0865996585908718
4587,0.04105902777777777,0.0869166528648874
4588,0.06394097222222221,0.08503198048356607
4589,0.09890625000000001,0.07813237812382726
4590,0.06975694444444444,0.0815870117725189
4591,0.044375,0.0934227506010239
4592,0.051649305555555566,0.08701912789329375
4593,0.04612847222222222,0.09121438724822235
4594,0.05211805555555557,0.08743105887464339
4595,0.04512152777777778,0.09376649964117016
4596,0.08395833333333333,0.10340004357067104
4597,0.11968749999999999,0.1044228100746618
4598,0.10151041666666667,0.10002974004379481
4599,0.10755208333333335,0.0955949395607218
4600,0.09241319444444444,0.09023093235710045
4601,0.1021875,0.09038726000290823
4602,0.09317708333333334,0.09198667214092757
4603,0.10508680555555557,0.08674712095689062
4604,0.10376736111111111,0.0857069807399033
4605,0.11293402777777775,0.08062090448314124
4606,0.11355902777777778,0.07541646084290003
4607,0.12133680555555554,0.07933123010957477
4608,0.12076388888888888,0.0894566826513685
4609,0.11506944444444445,0.09393324426877858
4610,0.11687499999999998,0.09575625296887348
4611,0.13328125,0.10140646400422547
4612,0.14777777777777776,0.09343551935429145
4613,0.16800347222222223,0.09354277670142744
4614,0.1404166666666667,0.09265629391511045
4615,0.1181423611111111,0.10559461225757653
4616,0.11539930555555555,0.09639778323366657
4617,0.11664930555555555,0.09662185819171831
4618,0.10460069444444445,0.07469031880689811
4619,0.05744791666666666,0.06673940124058193
4620,0.06730902777777778,0.062049691920730454
4621,0.05805555555555555,0.06368559140393637
4622,0.06600694444444445,0.06212548865533036
4623,0.05850694444444444,0.0637254476443213
4624,0.06614583333333333,0.061895777235473286
4625,0.05696180555555556,0.06484454948934475
4626,0.07510416666666667,0.058623441551187996
4627,0.09112847222222221,0.06034596607582174
4628,0.0881423611111111,0.05883899806576832
4629,0.08913194444444444,0.05937258360904956
4630,0.09088541666666666,0.060242407637405966
4631,0.10302083333333334,0.06335628695892952
4632,0.08109375,0.06771828853096111
4633,0.055954861111111115,0.07062058063101198
4634,0.08720486111111111,0.07062933801068741
4635,0.054079861111111106,0.05915460486485241
4636,0.033993055555555554,0.05559363929041226
4637,0.034479166666666665,0.05407002596941612
4638,0.03814236111111111,0.05589242754857205
4639,0.030538194444444444,0.053351824345340616
4640,0.052500000000000005,0.06009802828273339
4641,0.08138888888888889,0.06487720624712581
4642,0.0723263888888889,0.05463749918797008
4643,0.07781249999999999,0.05775409963202228
4644,0.07300347222222223,0.05634570743742799
4645,0.080625,0.05572916666666667
4646,0.08399305555555556,0.05724463557809706
4647,0.08793402777777777,0.055079166793623374
4648,0.09414930555555556,0.05517095880713242
4649,0.09590277777777778,0.057918623401531186
4650,0.10192708333333333,0.06582709045426215
4651,0.08878472222222222,0.06734001495256538
4652,0.09656250000000001,0.06443952402791663
4653,0.06479166666666666,0.04529321907796403
4654,0.040781250000000005,0.04153210694291894
4655,0.04597222222222222,0.03870487528407982
4656,0.04328125,0.04213361399110441
4657,0.047690972222222225,0.036636342054362205
4658,0.055538194444444446,0.03842660267211408
4659,0.04977430555555555,0.038054323942205336
4660,0.037968749999999996,0.0375318513459087
4661,0.021979166666666668,0.038315496302990054
4662,0.03138888888888889,0.03944455142297699
4663,0.018993055555555558,0.032815898560034425
4664,0.022065972222222226,0.037446886415025006
4665,0.006423611111111109,0.020612954769294662
4666,0.006267361111111119,0.013330269920795505
4667,-0.005468750000000005,0.03152797375887448
4668,-0.038402777777777786,0.054004855355849
4669,-0.024843749999999998,0.04259439196141319
4670,-0.020781249999999998,0.06058742481742349
4671,-0.03236111111111111,0.036807881215831555
4672,-0.063125,0.04680608359824133
4673,-0.05944444444444444,0.04796290291403721
4674,-0.06503472222222223,0.0526879375155743
4675,-0.056927083333333336,0.04921963182631556
4676,-0.053263888888888895,0.05547588688654528
4677,-0.05305555555555556,0.05211900398870542
4678,-0.05355902777777778,0.05440523772999766
4679,-0.05336805555555556,0.0525177255496997
4680,-0.05262152777777778,0.054081978957995956
4681,-0.057152777777777775,0.054371696188831725
4682,-0.06104166666666666,0.07049290128760799
4683,-0.05008680555555556,0.07552534509192167
4684,-0.05628472222222222,0.07698677009760656
4685,-0.04809027777777778,0.07104845465561244
4686,-0.044652777777777784,0.0654958127313457
4687,-0.043680555555555556,0.06741551711811214
4688,-0.04555555555555556,0.06566314661438691
4689,-0.043038194444444455,0.06828661747556294
4690,-0.046857638888888886,0.06435953092713825
4691,-0.03678819444444445,0.0650308591907503
4692,-0.024288194444444442,0.06698441574458008
4693,-0.027968750000000004,0.06465639768255516
4694,-0.025781250000000002,0.06603790818037983
4695,-0.027343749999999997,0.06473556068221144
4696,-0.025954861111111113,0.06588362334698915
4697,-0.027378472222222228,0.06478623527684295
4698,-0.025850694444444447,0.0660035219062713
4699,-0.027690972222222218,0.06454090835114495
4700,-0.02508680555555556,0.06696254374755148
4701,-0.030798611111111113,0.060378240494025
4702,-0.03633680555555556,0.053335551463024815
4703,-0.03571180555555556,0.056466001704353744
4704,-0.03430555555555556,0.052512560042254255
4705,-0.04210069444444445,0.06260943592248405
4706,-0.05699652777777778,0.07873988160365472
4707,-0.05067708333333333,0.07403343091623654
4708,-0.05598958333333333,0.07584479723902732
4709,-0.05092013888888889,0.07801342534244518
4710,-0.08345486111111111,0.08087282058918284
4711,-0.11831597222222222,0.08232193133405381
4712,-0.10578125,0.08028204472812814
4713,-0.1195659722222222,0.08186540039202428
4714,-0.10685763888888888,0.06965335114212333
4715,-0.061875,0.06554467637187969
4716,-0.04675347222222222,0.0873984491866723
4717,-0.05005208333333333,0.07626623873646153
4718,-0.04779513888888889,0.08434943492727237
4719,-0.05020833333333333,0.07704693679018006
4720,-0.046701388888888896,0.0847196037846737
4721,-0.056128472222222225,0.07430356184046484
4722,-0.06932291666666666,0.08118107720403163
4723,-0.06729166666666667,0.06918117631444264
4724,-0.08114583333333333,0.071322225210854
4725,-0.061666666666666675,0.061516215680637136
4726,-0.04020833333333333,0.07182878949279321
4727,-0.04909722222222221,0.057999312369540264
4728,-0.05692708333333333,0.05612933141075222
4729,-0.0639236111111111,0.0650203812716434
4730,-0.061041666666666675,0.06209128514511697
4731,-0.06328125000000001,0.06345676106746712
4732,-0.06125,0.06275892546637844
4733,-0.06322916666666666,0.06281301823998484
4734,-0.061354166666666675,0.06377986432840699
4735,-0.06121527777777777,0.059683581249420456
4736,-0.04618055555555556,0.046453610040582086
4737,-0.04890625,0.03729635823607463
4738,-0.05300347222222223,0.03829469561051512
4739,-0.05519097222222222,0.03858065861084347
4740,-0.047725694444444446,0.036779213745726784
4741,-0.04722222222222223,0.04181962664634282
4742,-0.029392361111111116,0.042958423282093205
4743,0.0031076388888889063,0.05980785860008643
4744,-0.009843749999999991,0.05531889970039625
4745,0.0009548611111111077,0.05661537125929612
4746,-0.013593750000000009,0.05788520672087175
4747,-0.00026041666666668656,0.043234594287782625
4748,0.021822916666666664,0.032322272122696
4749,0.01649305555555553,0.036922720351615215
4750,0.01395833333333333,0.020916760042952266
4751,-0.005902777777777764,0.013514351011283262
4752,0.03298611111111112,0.03262316775636413
4753,0.06189236111111112,0.05980949141087836
4754,0.056701388888888885,0.04692650205686771
4755,0.05645833333333333,0.05851098321041956
4756,0.06805555555555556,0.04231648947674893
4757,0.09861111111111111,0.04877483589030867
4758,0.09477430555555555,0.05079038972831236
4759,0.10114583333333335,0.05046775562315892
4760,0.09177083333333334,0.052259701385378096
4761,0.09046875,0.06220679924570813
4762,0.08197916666666667,0.05663879906060666
4763,0.0656423611111111,0.05730004410552054
4764,0.06138888888888887,0.047259444582407585
4765,0.06331597222222222,0.05413051065826211
4766,0.05845486111111109,0.04255211166643056
4767,0.051944444444444474,0.037718483261558515
4768,0.054201388888888896,0.037793874864025974
4769,0.05203125,0.03772361712591331
4770,0.05696180555555555,0.04124813305375801
4771,0.06385416666666666,0.053643304956598886
4772,0.06111111111111109,0.051303349415661274
4773,0.06319444444444444,0.06685354305596528
4774,0.06291666666666668,0.06238122394354286
4775,0.08062500000000002,0.0749375463348944
4776,0.08944444444444444,0.0807770392704664
4777,0.08991319444444444,0.07857866927571851
4778,0.08451388888888889,0.08373926018294915
4779,0.08026041666666667,0.09537300276869788
4780,0.07715277777777778,0.09049037467571132
4781,0.09473958333333335,0.09558880998641033
4782,0.1278645833333333,0.10178689153846136
4783,0.11430555555555555,0.10166984474389107
4784,0.1277777777777778,0.09623635189631685
4785,0.1261979166666667,0.0863327558147109
4786,0.13446180555555556,0.09374026601987046
4787,0.13694444444444445,0.09995786631666488
4788,0.13906250000000003,0.09905242237558969
4789,0.1362847222222222,0.09851049370882359
4790,0.13706597222222222,0.10275127667204596
4791,0.12361111111111109,0.11289409283034989
4792,0.13522569444444443,0.10846855570921349
4793,0.11741319444444448,0.11491192494388652
4794,0.13961805555555556,0.11840311889002673
4795,0.15265625,0.1156700480000777
4796,0.09430555555555555,0.11905527990810368
4797,0.06321180555555556,0.12434296966624418
4798,0.08980902777777776,0.12196315983826976
4799,0.11199652777777781,0.13253615608668956
4800,0.10149305555555556,0.13836002172411263
4801,0.11526041666666667,0.14610786102380457
4802,0.10817708333333331,0.14236745518554073
4803,0.11343750000000001,0.14514670948493996
4804,0.10902777777777774,0.14327529139467277
4805,0.11526041666666667,0.1423427590220414
4806,0.12201388888888885,0.13391734980177922
4807,0.11642361111111113,0.1400810940660361
4808,0.1350694444444444,0.1308617171455223
4809,0.16788194444444446,0.1330851594806758
4810,0.1520486111111111,0.12555498421237998
4811,0.15276041666666665,0.12201800059670727
4812,0.14979166666666663,0.12124982101934098
4813,0.14972222222222223,0.12485833504051502
4814,0.13869791666666664,0.13028940184645466
4815,0.1454166666666667,0.12930922912194284
4816,0.1391666666666666,0.12933075095413743
4817,0.14532986111111112,0.1297065528266065
4818,0.13887152777777775,0.12901507985486643
4819,0.14604166666666665,0.1299185943036382
4820,0.1377256944444444,0.12886775753387428
4821,0.14836805555555554,0.13010631651694712
4822,0.13197916666666668,0.12847694717287264
4823,0.1737326388888889,0.13323452036017433
4824,0.2190798611111111,0.14632404317148345
4825,0.1986284722222222,0.15246189823457826
4826,0.20546875,0.15328818720851786
4827,0.19015625000000003,0.16366357750447255
4828,0.20052083333333337,0.15792738530026318
4829,0.18913194444444445,0.16338286994467327
4830,0.21291666666666667,0.15806580331331418
4831,0.24138888888888888,0.17414929084421565
4832,0.23032986111111112,0.18273607947527656
4833,0.24885416666666663,0.18328189382524032
4834,0.2713888888888889,0.1901285721269773
4835,0.2632638888888889,0.18878837514092006
4836,0.2703993055555555,0.18712160329026825
4837,0.2583333333333333,0.19607932798891198
4838,0.24664930555555553,0.21094899159941347
4839,0.25289930555555556,0.20839113275182128
4840,0.25697916666666665,0.22194211132917066
4841,0.2424652777777778,0.2219536218508286
4842,0.24059027777777775,0.21457154824253988
4843,0.2409722222222222,0.22119805497231199
4844,0.25425347222222217,0.2233440009037175
4845,0.23833333333333329,0.23243224912655255
4846,0.23227430555555553,0.2495321969898618
4847,0.22657986111111114,0.24357188275411323
4848,0.24788194444444447,0.24785537485423997
4849,0.2763541666666666,0.24865279368138127
4850,0.26878472222222227,0.2495291766352864
4851,0.2717013888888889,0.24822812242362843
4852,0.27421875,0.251109868199396
4853,0.27890624999999997,0.26061343087331956
4854,0.26805555555555555,0.2667934178655051
4855,0.2730729166666666,0.26483313851242307
4856,0.2699826388888889,0.2659968490421041
4857,0.27201388888888894,0.2651612623155826
4858,0.27067708333333335,0.2656009844127219
4859,0.2708680555555555,0.26560760881702344
4860,0.27215277777777785,0.2650351270794759
4861,0.26694444444444443,0.26863726147052985
4862,0.26236111111111116,0.276218560110395
4863,0.25774305555555554,0.2719284860294609
4864,0.2584722222222223,0.25954503899437087
4865,0.2746875,0.24566517465484283
4866,0.2716666666666667,0.25319411350697585
4867,0.28387152777777774,0.25632309972953576
4868,0.27706597222222223,0.25633626467377185
4869,0.2825694444444445,0.2559893354855437
4870,0.2778125,0.2562266037761085
4871,0.2817708333333333,0.2562712770638112
4872,0.2787847222222223,0.2556376467448724
4873,0.2802604166666666,0.25774349350049613
4874,0.28512152777777783,0.24849309604362543
4875,0.3026388888888889,0.23058900987203496
4876,0.29428819444444443,0.23942086442225183
4877,0.2987152777777778,0.22859350409364596
4878,0.28062500000000007,0.23387460471194105
4879,0.2806423611111111,0.23622052267377694
4880,0.2633854166666667,0.23071085447459083
4881,0.2855034722222222,0.23018333053535056
4882,0.2732118055555556,0.22616039042170558
4883,0.24210069444444446,0.2233449887533944
4884,0.2579166666666667,0.22982101183886317
4885,0.2687847222222222,0.2408809715555833
4886,0.26503472222222224,0.23728672553223817
4887,0.26829861111111114,0.2392884104662983
4888,0.26473958333333336,0.2380592886969459
4889,0.26861111111111113,0.23886607358346668
4890,0.26440972222222225,0.2383264788333795
4891,0.26913194444444444,0.23878225575528067
4892,0.26375000000000004,0.2382545807024378
4893,0.26845486111111116,0.24122909542197787
4894,0.2456076388888889,0.25646193962868197
4895,0.2700520833333334,0.25643214753431853
4896,0.30355902777777777,0.25251953347868134
4897,0.2952430555555556,0.25269189961755845
4898,0.2985069444444444,0.25353626474053026
4899,0.30015625000000007,0.2487260128108532
4900,0.30894097222222217,0.23951142804319567
4901,0.30505208333333333,0.24399978854477689
4902,0.30718750000000006,0.23816593862875662
4903,0.2813194444444444,0.2342035844349769
4904,0.24829861111111112,0.22812500528496527
4905,0.2516319444444444,0.22426025084268655
4906,0.2460763888888889,0.22423595250071812
4907,0.2522569444444444,0.22562046864571839
4908,0.2429166666666667,0.22085173370668837
4909,0.24131944444444448,0.21606307541072667
4910,0.2373090277777778,0.21643525148852719
4911,0.24569444444444444,0.21959001797313413
4912,0.24927083333333333,0.2236239752165824
4913,0.26897569444444447,0.21123499611709037
4914,0.27324652777777775,0.21689604091838252
4915,0.2838888888888889,0.2077965538530653
4916,0.2688888888888889,0.20433717428965806
4917,0.23831597222222226,0.20790892027175908
4918,0.2477083333333333,0.2081491373223909
4919,0.2402604166666667,0.20422326622992315
4920,0.23315972222222225,0.1998598925721482
4921,0.23999999999999996,0.20084359845826968
4922,0.21914930555555553,0.19829634102112162
4923,0.18965277777777778,0.19606897638134496
4924,0.19854166666666667,0.19678503235341183
4925,0.19375,0.19607041832202077
4926,0.19604166666666664,0.19657522370937008
4927,0.19824652777777776,0.19778320990828374
4928,0.20614583333333336,0.20658161997575086
4929,0.20621527777777776,0.1974086651746421
4930,0.2161111111111111,0.19201551197324856
4931,0.21093750000000003,0.19186513162281177
4932,0.21574652777777786,0.19372286825288396
4933,0.20659722222222227,0.18670296129459982
4934,0.18927083333333333,0.17145773212733803
4935,0.18734375,0.16887823863217827
4936,0.18473958333333332,0.1684832720353245
4937,0.19088541666666672,0.16907466998967663
4938,0.17065972222222223,0.16926313728943382
4939,0.14027777777777772,0.17486539617796998
4940,0.15041666666666667,0.17230725317446094
4941,0.14423611111111112,0.17503370280070793
4942,0.14819444444444443,0.16722174998202977
4943,0.14802083333333335,0.14881414204143295
4944,0.1588888888888889,0.1497574435805887
4945,0.15493055555555557,0.14103772595567088
4946,0.17137152777777775,0.13927566912606495
4947,0.14928819444444444,0.12850771961735943
4948,0.13083333333333333,0.11774280468697676
4949,0.13421875,0.12034474901486722
4950,0.1331076388888889,0.11862111391150273
4951,0.13333333333333336,0.11971768548861107
4952,0.1335763888888889,0.1189501339037072
4953,0.1331597222222222,0.11955220127245465
4954,0.13359375,0.11910164719873267
4955,0.13291666666666666,0.11940599146864914
4956,0.13371527777777778,0.11921768688950457
4957,0.13269097222222223,0.11929439991378846
4958,0.1340972222222222,0.11976339742931363
4959,0.13045138888888888,0.11758987504606323
4960,0.1196875,0.10990837211248589
4961,0.11475694444444443,0.10729776254707284
4962,0.11604166666666665,0.10747673157414638
4963,0.11520833333333333,0.10738087917225092
4964,0.1159027777777778,0.10753884799963921
4965,0.11517361111111107,0.10726310411793719
4966,0.11592013888888889,0.10769102819870649
4967,0.11494791666666668,0.1068832360577355
4968,0.11671875000000001,0.10859684747780689
4969,0.11152777777777775,0.10348568494633319
4970,0.10815972222222223,0.10167946730852331
4971,0.11902777777777773,0.10910541622633972
4972,0.10998263888888893,0.1094038886562343
4973,0.1071701388888889,0.12782699389015842
4974,0.10565972222222225,0.1374450998704394
4975,0.10815972222222223,0.13555353215276061
4976,0.10470486111111113,0.1362133006855838
4977,0.10960069444444448,0.13590033038909424
4978,0.10135416666666666,0.13613630896294918
4979,0.12366319444444446,0.13691517855705196
4980,0.15208333333333335,0.14367551663335376
4981,0.14387152777777776,0.14064001227310735
4982,0.14861111111111108,0.14303673521022062
4983,0.14322916666666666,0.13894486285283975
4984,0.13317708333333333,0.13233727273274254
4985,0.12836805555555555,0.12659925544628003
4986,0.12861111111111112,0.13060091742973193
4987,0.12826388888888887,0.12303623343411617
4988,0.11031250000000001,0.12299542850865547
4989,0.12987847222222224,0.12928829702113115
4990,0.16828125000000005,0.1311402587675427
4991,0.15493055555555554,0.13079781379723365
4992,0.16369791666666667,0.1305065854986136
4993,0.1568402777777778,0.13092013313331552
4994,0.16291666666666668,0.13043031078787715
4995,0.15678819444444445,0.13081441466668417
4996,0.165625,0.1322401884750497
4997,0.16833333333333333,0.14153751005818996
4998,0.17197916666666666,0.13275047571320914
4999,0.18251736111111108,0.13131217410576784
